fecha,tmed,tmed_1,tmed_2,tmed_3,tmin_1,tmin_2,tmin_3,tmax_1,tmax_2,tmax_3
2018-01-04,11.8,11.2,10.4,6.9,6.8,6.3,1.7,15.5,14.6,12.1
2018-01-05,7.8,11.8,11.2,10.4,7.9,6.8,6.3,15.6,15.5,14.6
2018-01-06,3.3,7.8,11.8,11.2,5.2,7.9,6.8,10.4,15.6,15.5
2018-01-07,1.8,3.3,7.8,11.8,1.3,5.2,7.9,5.3,10.4,15.6
2018-01-08,3.9,1.8,3.3,7.8,-0.1,1.3,5.2,3.8,5.3,10.4
2018-01-09,0.6,3.9,1.8,3.3,-1.0,-0.1,1.3,8.8,3.8,5.3
2018-01-10,3.8,0.6,3.9,1.8,-2.7,-1.0,-0.1,4.0,8.8,3.8
2018-01-11,5.7,3.8,0.6,3.9,1.1,-2.7,-1.0,6.6,4.0,8.8
2018-01-12,3.6,5.7,3.8,0.6,1.6,1.1,-2.7,9.8,6.6,4.0
2018-01-13,2.2,3.6,5.7,3.8,-1.9,1.6,1.1,9.0,9.8,6.6
2018-01-14,3.8,2.2,3.6,5.7,-0.5,-1.9,1.6,4.9,9.0,9.8
2018-01-15,3.4,3.8,2.2,3.6,0.1,-0.5,-1.9,7.4,4.9,9.0
2018-01-18,7.0,3.4,3.8,2.2,-2.7,0.1,-0.5,9.5,7.4,4.9
2018-01-19,7.6,7.0,3.4,3.8,-0.9,-2.7,0.1,15.0,9.5,7.4
2018-01-20,8.1,7.6,7.0,3.4,-0.2,-0.9,-2.7,15.4,15.0,9.5
2018-01-21,11.4,8.1,7.6,7.0,2.6,-0.2,-0.9,13.6,15.4,15.0
2018-01-24,8.0,11.4,8.1,7.6,4.4,2.6,-0.2,18.3,13.6,15.4
2018-01-25,4.6,8.0,11.4,8.1,0.1,4.4,2.6,15.8,18.3,13.6
2018-01-26,6.0,4.6,8.0,11.4,1.4,0.1,4.4,7.8,15.8,18.3
2018-01-27,6.8,6.0,4.6,8.0,1.4,1.4,0.1,10.5,7.8,15.8
2018-01-28,8.2,6.8,6.0,4.6,1.8,1.4,1.4,11.7,10.5,7.8
2018-01-29,8.3,8.2,6.8,6.0,2.3,1.8,1.4,14.1,11.7,10.5
2018-01-30,6.4,8.3,8.2,6.8,2.3,2.3,1.8,14.3,14.1,11.7
2018-01-31,6.4,6.4,8.3,8.2,-0.9,2.3,2.3,13.6,14.3,14.1
2018-02-01,6.0,6.4,6.4,8.3,-1.7,-0.9,2.3,14.5,13.6,14.3
2018-02-02,3.5,6.0,6.4,6.4,0.4,-1.7,-0.9,11.7,14.5,13.6
2018-02-03,5.2,3.5,6.0,6.4,-2.0,0.4,-1.7,9.0,11.7,14.5
2018-02-04,3.0,5.2,3.5,6.0,-1.6,-2.0,0.4,11.9,9.0,11.7
2018-02-05,1.6,3.0,5.2,3.5,0.8,-1.6,-2.0,5.3,11.9,9.0
2018-02-06,3.4,1.6,3.0,5.2,0.6,0.8,-1.6,2.6,5.3,11.9
2018-02-07,1.5,3.4,1.6,3.0,-0.6,0.6,0.8,7.5,2.6,5.3
2018-02-08,1.5,1.5,3.4,1.6,-3.8,-0.6,0.6,6.8,7.5,2.6
2018-02-09,2.2,1.5,1.5,3.4,-5.0,-3.8,-0.6,8.0,6.8,7.5
2018-02-10,5.2,2.2,1.5,1.5,-4.6,-5.0,-3.8,9.0,8.0,6.8
2018-02-11,7.1,5.2,2.2,1.5,-0.9,-4.6,-5.0,11.2,9.0,8.0
2018-02-12,5.2,7.1,5.2,2.2,-1.0,-0.9,-4.6,15.2,11.2,9.0
2018-02-13,3.8,5.2,7.1,5.2,0.3,-1.0,-0.9,10.2,15.2,11.2
2018-02-14,8.2,3.8,5.2,7.1,-1.8,0.3,-1.0,9.3,10.2,15.2
2018-02-15,7.8,8.2,3.8,5.2,5.6,-1.8,0.3,10.7,9.3,10.2
2018-02-16,11.0,7.8,8.2,3.8,5.0,5.6,-1.8,10.6,10.7,9.3
2018-02-17,10.0,11.0,7.8,8.2,6.5,5.0,5.6,15.5,10.6,10.7
2018-02-18,6.4,10.0,11.0,7.8,5.6,6.5,5.0,14.5,15.5,10.6
2018-02-19,9.8,6.4,10.0,11.0,-1.2,5.6,6.5,13.9,14.5,15.5
2018-02-20,9.4,9.8,6.4,10.0,4.0,-1.2,5.6,15.6,13.9,14.5
2018-02-21,7.0,9.4,9.8,6.4,3.4,4.0,-1.2,15.4,15.6,13.9
2018-02-22,4.2,7.0,9.4,9.8,1.5,3.4,4.0,12.4,15.4,15.6
2018-02-23,2.7,4.2,7.0,9.4,-3.4,1.5,3.4,11.8,12.4,15.4
2018-02-24,3.6,2.7,4.2,7.0,-5.4,-3.4,1.5,10.8,11.8,12.4
2018-02-25,5.6,3.6,2.7,4.2,-4.8,-5.4,-3.4,12.1,10.8,11.8
2018-02-26,7.5,5.6,3.6,2.7,-3.9,-4.8,-5.4,15.1,12.1,10.8
2018-02-27,3.6,7.5,5.6,3.6,-2.2,-3.9,-4.8,17.2,15.1,12.1
2018-02-28,7.8,3.6,7.5,5.6,1.9,-2.2,-3.9,5.2,17.2,15.1
2018-03-01,8.0,7.8,3.6,7.5,3.5,1.9,-2.2,12.0,5.2,17.2
2018-03-02,5.5,8.0,7.8,3.6,4.7,3.5,1.9,11.3,12.0,5.2
2018-03-03,9.0,5.5,8.0,7.8,3.0,4.7,3.5,8.0,11.3,12.0
2018-03-04,9.4,9.0,5.5,8.0,5.2,3.0,4.7,12.7,8.0,11.3
2018-03-05,7.0,9.4,9.0,5.5,5.0,5.2,3.0,13.7,12.7,8.0
2018-03-06,7.4,7.0,9.4,9.0,5.1,5.0,5.2,8.9,13.7,12.7
2018-03-07,6.5,7.4,7.0,9.4,3.4,5.1,5.0,11.4,8.9,13.7
2018-03-08,7.9,6.5,7.4,7.0,1.3,3.4,5.1,11.7,11.4,8.9
2018-03-09,10.2,7.9,6.5,7.4,4.6,1.3,3.4,11.2,11.7,11.4
2018-03-10,9.6,10.2,7.9,6.5,9.0,4.6,1.3,11.4,11.2,11.7
2018-03-11,8.4,9.6,10.2,7.9,7.0,9.0,4.6,12.3,11.4,11.2
2018-03-12,10.2,8.4,9.6,10.2,5.6,7.0,9.0,11.1,12.3,11.4
2018-03-13,10.5,10.2,8.4,9.6,6.2,5.6,7.0,14.1,11.1,12.3
2018-03-14,9.0,10.5,10.2,8.4,6.4,6.2,5.6,14.6,14.1,11.1
2018-03-15,9.1,9.0,10.5,10.2,5.8,6.4,6.2,12.3,14.6,14.1
2018-03-16,8.2,9.1,9.0,10.5,5.6,5.8,6.4,12.6,12.3,14.6
2018-03-17,6.4,8.2,9.1,9.0,4.6,5.6,5.8,11.8,12.6,12.3
2018-03-18,8.6,6.4,8.2,9.1,2.0,4.6,5.6,10.8,11.8,12.6
2018-03-19,6.2,8.6,6.4,8.2,3.0,2.0,4.6,14.1,10.8,11.8
2018-03-20,6.1,6.2,8.6,6.4,2.5,3.0,2.0,9.9,14.1,10.8
2018-03-21,7.1,6.1,6.2,8.6,1.9,2.5,3.0,10.3,9.9,14.1
2018-03-22,5.4,7.1,6.1,6.2,1.1,1.9,2.5,13.1,10.3,9.9
2018-03-23,8.4,5.4,7.1,6.1,-2.6,1.1,1.9,13.5,13.1,10.3
2018-03-24,7.6,8.4,5.4,7.1,2.6,-2.6,1.1,14.3,13.5,13.1
2018-03-25,8.6,7.6,8.4,5.4,3.4,2.6,-2.6,11.7,14.3,13.5
2018-03-26,9.2,8.6,7.6,8.4,4.4,3.4,2.6,12.7,11.7,14.3
2018-03-27,14.2,9.2,8.6,7.6,2.4,4.4,3.4,16.1,12.7,11.7
2018-03-28,14.2,14.2,9.2,8.6,6.7,2.4,4.4,21.6,16.1,12.7
2018-03-29,11.3,14.2,14.2,9.2,7.4,6.7,2.4,21.0,21.6,16.1
2018-03-30,7.7,11.3,14.2,14.2,7.3,7.4,6.7,15.3,21.0,21.6
2018-03-31,8.8,7.7,11.3,14.2,3.4,7.3,7.4,12.0,15.3,21.0
2018-04-01,9.8,8.8,7.7,11.3,2.5,3.4,7.3,15.0,12.0,15.3
2018-04-02,13.2,9.8,8.8,7.7,2.6,2.5,3.4,17.1,15.0,12.0
2018-04-03,11.8,13.2,9.8,8.8,7.1,2.6,2.5,19.4,17.1,15.0
2018-04-04,11.2,11.8,13.2,9.8,7.6,7.1,2.6,15.9,19.4,17.1
2018-04-05,10.6,11.2,11.8,13.2,6.4,7.6,7.1,15.9,15.9,19.4
2018-04-06,12.2,10.6,11.2,11.8,3.0,6.4,7.6,18.3,15.9,15.9
2018-04-07,8.8,12.2,10.6,11.2,7.3,3.0,6.4,17.0,18.3,15.9
2018-04-08,10.4,8.8,12.2,10.6,6.1,7.3,3.0,11.4,17.0,18.3
2018-04-09,6.1,10.4,8.8,12.2,4.9,6.1,7.3,15.9,11.4,17.0
2018-04-10,4.8,6.1,10.4,8.8,3.6,4.9,6.1,8.6,15.9,11.4
2018-04-11,6.7,4.8,6.1,10.4,2.5,3.6,4.9,7.1,8.6,15.9
2018-04-12,8.1,6.7,4.8,6.1,2.3,2.5,3.6,11.1,7.1,8.6
2018-04-13,8.6,8.1,6.7,4.8,4.5,2.3,2.5,11.7,11.1,7.1
2018-04-14,10.1,8.6,8.1,6.7,4.6,4.5,2.3,12.7,11.7,11.1
2018-04-15,12.4,10.1,8.6,8.1,2.8,4.6,4.5,17.4,12.7,11.7
2018-04-16,12.0,12.4,10.1,8.6,7.8,2.8,4.6,17.1,17.4,12.7
2018-04-17,13.2,12.0,12.4,10.1,5.6,7.8,2.8,18.3,17.1,17.4
2018-04-18,16.1,13.2,12.0,12.4,5.0,5.6,7.8,21.5,18.3,17.1
2018-04-19,15.7,16.1,13.2,12.0,7.7,5.0,5.6,24.5,21.5,18.3
2018-04-20,16.1,15.7,16.1,13.2,8.5,7.7,5.0,22.9,24.5,21.5
2018-04-21,14.6,16.1,15.7,16.1,11.1,8.5,7.7,21.1,22.9,24.5
2018-04-22,16.8,14.6,16.1,15.7,9.4,11.1,8.5,19.9,21.1,22.9
2018-04-23,18.0,16.8,14.6,16.1,10.5,9.4,11.1,23.0,19.9,21.1
2018-04-24,18.4,18.0,16.8,14.6,12.3,10.5,9.4,23.7,23.0,19.9
2018-04-25,19.6,18.4,18.0,16.8,11.3,12.3,10.5,25.6,23.7,23.0
2018-04-26,18.3,19.6,18.4,18.0,10.9,11.3,12.3,28.4,25.6,23.7
2018-04-27,18.6,18.3,19.6,18.4,10.2,10.9,11.3,26.4,28.4,25.6
2018-04-28,13.6,18.6,18.3,19.6,12.6,10.2,10.9,24.5,26.4,28.4
2018-04-29,8.0,13.6,18.6,18.3,8.7,12.6,10.2,18.5,24.5,26.4
2018-04-30,7.4,8.0,13.6,18.6,3.4,8.7,12.6,12.6,18.5,24.5
2018-05-01,10.4,7.4,8.0,13.6,2.5,3.4,8.7,12.2,12.6,18.5
2018-05-02,11.0,10.4,7.4,8.0,3.4,2.5,3.4,17.4,12.2,12.6
2018-05-03,13.2,11.0,10.4,7.4,4.1,3.4,2.5,18.0,17.4,12.2
2018-05-04,11.8,13.2,11.0,10.4,6.9,4.1,3.4,19.5,18.0,17.4
2018-05-05,16.0,11.8,13.2,11.0,2.8,6.9,4.1,20.7,19.5,18.0
2018-05-06,17.8,16.0,11.8,13.2,7.0,2.8,6.9,25.0,20.7,19.5
2018-05-07,16.4,17.8,16.0,11.8,11.1,7.0,2.8,24.5,25.0,20.7
2018-05-08,18.4,16.4,17.8,16.0,9.9,11.1,7.0,23.0,24.5,25.0
2018-05-09,18.4,18.4,16.4,17.8,10.4,9.9,11.1,26.5,23.0,24.5
2018-05-10,19.0,18.4,18.4,16.4,10.5,10.4,9.9,26.4,26.5,23.0
2018-05-11,18.8,19.0,18.4,18.4,12.6,10.5,10.4,25.4,26.4,26.5
2018-05-12,14.0,18.8,19.0,18.4,11.7,12.6,10.5,26.0,25.4,26.4
2018-05-13,11.0,14.0,18.8,19.0,7.4,11.7,12.6,20.5,26.0,25.4
2018-05-14,14.6,11.0,14.0,18.8,3.0,7.4,11.7,19.1,20.5,26.0
2018-05-15,14.8,14.6,11.0,14.0,9.1,3.0,7.4,20.1,19.1,20.5
2018-05-16,18.2,14.8,14.6,11.0,5.7,9.1,3.0,23.9,20.1,19.1
2018-05-17,19.6,18.2,14.8,14.6,11.2,5.7,9.1,25.3,23.9,20.1
2018-05-18,17.6,19.6,18.2,14.8,13.4,11.2,5.7,25.9,25.3,23.9
2018-05-19,17.0,17.6,19.6,18.2,13.2,13.4,11.2,21.9,25.9,25.3
2018-05-20,17.2,17.0,17.6,19.6,9.6,13.2,13.4,24.5,21.9,25.9
2018-05-21,18.7,17.2,17.0,17.6,11.9,9.6,13.2,22.5,24.5,21.9
2018-05-22,17.8,18.7,17.2,17.0,12.6,11.9,9.6,24.8,22.5,24.5
2018-05-23,20.0,17.8,18.7,17.2,11.4,12.6,11.9,24.1,24.8,22.5
2018-05-24,20.4,20.0,17.8,18.7,12.1,11.4,12.6,28.0,24.1,24.8
2018-05-25,16.0,20.4,20.0,17.8,13.8,12.1,11.4,27.1,28.0,24.1
2018-05-26,17.0,16.0,20.4,20.0,11.5,13.8,12.1,20.5,27.1,28.0
2018-05-27,18.4,17.0,16.0,20.4,11.3,11.5,13.8,22.7,20.5,27.1
2018-06-01,18.6,18.7,15.8,15.6,12.5,11.0,12.1,24.9,20.5,19.1
2018-06-02,18.1,18.6,18.7,15.8,11.7,12.5,11.0,25.6,24.9,20.5
2018-06-03,18.0,18.1,18.6,18.7,12.3,11.7,12.5,23.9,25.6,24.9
2018-06-04,16.1,18.0,18.1,18.6,11.0,12.3,11.7,25.1,23.9,25.6
2018-06-05,15.7,16.1,18.0,18.1,10.9,11.0,12.3,21.3,25.1,23.9
2018-06-06,16.0,15.7,16.1,18.0,10.8,10.9,11.0,20.6,21.3,25.1
2018-06-07,17.1,16.0,15.7,16.1,10.1,10.8,10.9,21.8,20.6,21.3
2018-06-08,16.4,17.1,16.0,15.7,9.2,10.1,10.8,25.0,21.8,20.6
2018-06-09,15.7,16.4,17.1,16.0,13.0,9.2,10.1,19.7,25.0,21.8
2018-06-10,15.0,15.7,16.4,17.1,10.2,13.0,9.2,21.2,19.7,25.0
2018-06-11,17.6,15.0,15.7,16.4,9.0,10.2,13.0,21.0,21.2,19.7
2018-06-12,18.1,17.6,15.0,15.7,11.6,9.0,10.2,23.6,21.0,21.2
2018-06-13,19.4,18.1,17.6,15.0,11.0,11.6,9.0,25.2,23.6,21.0
2018-06-14,19.8,19.4,18.1,17.6,11.7,11.0,11.6,27.1,25.2,23.6
2018-06-15,21.2,19.8,19.4,18.1,11.4,11.7,11.0,28.2,27.1,25.2
2018-06-16,24.4,21.2,19.8,19.4,11.1,11.4,11.7,31.3,28.2,27.1
2018-06-17,23.6,24.4,21.2,19.8,16.1,11.1,11.4,32.8,31.3,28.2
2018-06-18,23.4,23.6,24.4,21.2,13.9,16.1,11.1,33.4,32.8,31.3
2018-06-19,25.2,23.4,23.6,24.4,13.8,13.9,16.1,32.9,33.4,32.8
2018-06-20,26.6,25.2,23.4,23.6,16.2,13.8,13.9,34.2,32.9,33.4
2018-06-21,25.8,26.6,25.2,23.4,19.5,16.2,13.8,33.7,34.2,32.9
2018-06-22,26.8,25.8,26.6,25.2,18.4,19.5,16.2,33.2,33.7,34.2
2018-06-23,28.6,26.8,25.8,26.6,18.7,18.4,19.5,34.9,33.2,33.7
2018-06-24,29.8,28.6,26.8,25.8,20.5,18.7,18.4,36.6,34.9,33.2
2018-06-25,29.2,29.8,28.6,26.8,20.9,20.5,18.7,38.6,36.6,34.9
2018-06-26,27.8,29.2,29.8,28.6,20.7,20.9,20.5,37.8,38.6,36.6
2018-06-27,26.8,27.8,29.2,29.8,19.1,20.7,20.9,36.4,37.8,38.6
2018-06-28,25.6,26.8,27.8,29.2,20.3,19.1,20.7,33.4,36.4,37.8
2018-06-29,26.0,25.6,26.8,27.8,17.6,20.3,19.1,33.6,33.4,36.4
2018-06-30,24.6,26.0,25.6,26.8,19.2,17.6,20.3,32.9,33.6,33.4
2018-07-01,22.6,24.6,26.0,25.6,19.5,19.2,17.6,29.6,32.9,33.6
2018-07-02,22.2,22.6,24.6,26.0,16.2,19.5,19.2,29.1,29.6,32.9
2018-07-03,22.6,22.2,22.6,24.6,14.6,16.2,19.5,29.7,29.1,29.6
2018-07-04,22.2,22.6,22.2,22.6,13.4,14.6,16.2,31.9,29.7,29.1
2018-07-05,22.9,22.2,22.6,22.2,14.7,13.4,14.6,29.8,31.9,29.7
2018-07-06,25.1,22.9,22.2,22.6,14.6,14.7,13.4,31.2,29.8,31.9
2018-07-07,26.8,25.1,22.9,22.2,16.8,14.6,14.7,33.4,31.2,29.8
2018-07-08,28.3,26.8,25.1,22.9,19.3,16.8,14.6,34.2,33.4,31.2
2018-07-09,28.6,28.3,26.8,25.1,20.8,19.3,16.8,35.8,34.2,33.4
2018-07-10,28.1,28.6,28.3,26.8,20.7,20.8,19.3,36.4,35.8,34.2
2018-07-11,26.6,28.1,28.6,28.3,20.8,20.7,20.8,35.4,36.4,35.8
2018-07-12,26.5,26.6,28.1,28.6,18.4,20.8,20.7,34.7,35.4,36.4
2018-07-13,27.2,26.5,26.6,28.1,19.6,18.4,20.8,33.4,34.7,35.4
2018-07-14,26.0,27.2,26.5,26.6,21.0,19.6,18.4,33.3,33.4,34.7
2018-07-15,23.2,26.0,27.2,26.5,17.5,21.0,19.6,34.5,33.3,33.4
2018-07-16,23.3,23.2,26.0,27.2,16.2,17.5,21.0,30.3,34.5,33.3
2018-07-17,26.4,23.3,23.2,26.0,14.9,16.2,17.5,31.7,30.3,34.5
2018-07-18,27.8,26.4,23.3,23.2,17.7,14.9,16.2,35.2,31.7,30.3
2018-07-19,25.2,27.8,26.4,23.3,20.6,17.7,14.9,34.9,35.2,31.7
2018-07-20,24.5,25.2,27.8,26.4,15.7,20.6,17.7,34.8,34.9,35.2
2018-07-21,24.4,24.5,25.2,27.8,15.2,15.7,20.6,33.8,34.8,34.9
2018-07-22,25.0,24.4,24.5,25.2,16.3,15.2,15.7,32.6,33.8,34.8
2018-07-23,28.2,25.0,24.4,24.5,16.1,16.3,15.2,33.9,32.6,33.8
2018-07-24,26.2,28.2,25.0,24.4,20.4,16.1,16.3,36.1,33.9,32.6
2018-07-25,26.0,26.2,28.2,25.0,17.4,20.4,16.1,34.9,36.1,33.9
2018-07-26,26.0,26.0,26.2,28.2,16.0,17.4,20.4,36.0,34.9,36.1
2018-07-27,26.0,26.0,26.0,26.2,16.2,16.0,17.4,35.8,36.0,34.9
2018-07-28,25.4,26.0,26.0,26.0,15.6,16.2,16.0,36.3,35.8,36.0
2018-07-29,26.0,25.4,26.0,26.0,15.9,15.6,16.2,34.8,36.3,35.8
2018-07-30,25.8,26.0,25.4,26.0,17.8,15.9,15.6,34.2,34.8,36.3
2018-07-31,26.8,25.8,26.0,25.4,15.2,17.8,15.9,36.5,34.2,34.8
2018-08-01,28.4,26.8,25.8,26.0,16.4,15.2,17.8,37.2,36.5,34.2
2018-08-02,31.5,28.4,26.8,25.8,18.3,16.4,15.2,38.5,37.2,36.5
2018-08-03,32.5,31.5,28.4,26.8,22.6,18.3,16.4,40.4,38.5,37.2
2018-08-04,30.2,32.5,31.5,28.4,22.8,22.6,18.3,42.2,40.4,38.5
2018-08-05,31.2,30.2,32.5,31.5,20.3,22.8,22.6,40.0,42.2,40.4
2018-08-06,29.4,31.2,30.2,32.5,23.4,20.3,22.8,39.1,40.0,42.2
2018-08-07,29.7,29.4,31.2,30.2,19.1,23.4,20.3,39.7,39.1,40.0
2018-08-08,27.0,29.7,29.4,31.2,21.0,19.1,23.4,38.4,39.7,39.1
2018-08-09,24.9,27.0,29.7,29.4,17.8,21.0,19.1,36.2,38.4,39.7
2018-08-10,25.2,24.9,27.0,29.7,16.7,17.8,21.0,33.1,36.2,38.4
2018-08-11,29.0,25.2,24.9,27.0,17.2,16.7,17.8,33.3,33.1,36.2
2018-08-12,29.8,29.0,25.2,24.9,22.0,17.2,16.7,36.0,33.3,33.1
2018-08-13,27.0,29.8,29.0,25.2,22.5,22.0,17.2,37.0,36.0,33.3
2018-08-14,26.4,27.0,29.8,29.0,18.1,22.5,22.0,35.8,37.0,36.0
2018-08-15,27.9,26.4,27.0,29.8,18.4,18.1,22.5,34.4,35.8,37.0
2018-08-16,27.2,27.9,26.4,27.0,19.4,18.4,18.1,36.4,34.4,35.8
2018-08-17,26.6,27.2,27.9,26.4,21.6,19.4,18.4,32.7,36.4,34.4
2018-08-18,24.8,26.6,27.2,27.9,19.3,21.6,19.4,34.0,32.7,36.4
2018-08-19,26.1,24.8,26.6,27.2,17.0,19.3,21.6,32.7,34.0,32.7
2018-08-20,26.4,26.1,24.8,26.6,19.4,17.0,19.3,32.8,32.7,34.0
2018-08-21,26.9,26.4,26.1,24.8,19.0,19.4,17.0,33.8,32.8,32.7
2018-08-22,27.8,26.9,26.4,26.1,18.8,19.0,19.4,35.0,33.8,32.8
2018-08-23,26.8,27.8,26.9,26.4,20.0,18.8,19.0,35.6,35.0,33.8
2018-08-24,26.9,26.8,27.8,26.9,18.2,20.0,18.8,35.3,35.6,35.0
2018-08-25,25.6,26.9,26.8,27.8,17.1,18.2,20.0,36.7,35.3,35.6
2018-08-26,25.0,25.6,26.9,26.8,16.0,17.1,18.2,35.1,36.7,35.3
2018-08-27,26.6,25.0,25.6,26.9,15.6,16.0,17.1,34.4,35.1,36.7
2018-08-28,27.0,26.6,25.0,25.6,15.8,15.6,16.0,37.3,34.4,35.1
2018-08-29,25.4,27.0,26.6,25.0,19.1,15.8,15.6,34.9,37.3,34.4
2018-08-30,26.3,25.4,27.0,26.6,17.2,19.1,15.8,33.6,34.9,37.3
2018-08-31,28.1,26.3,25.4,27.0,19.1,17.2,19.1,33.5,33.6,34.9
2018-09-01,28.1,28.1,26.3,25.4,20.3,19.1,17.2,35.9,33.5,33.6
2018-09-02,30.0,28.1,28.1,26.3,20.6,20.3,19.1,35.6,35.9,33.5
2018-09-03,27.5,30.0,28.1,28.1,22.0,20.6,20.3,38.0,35.6,35.9
2018-09-04,23.8,27.5,30.0,28.1,20.8,22.0,20.6,34.2,38.0,35.6
2018-09-05,22.8,23.8,27.5,30.0,16.5,20.8,22.0,31.2,34.2,38.0
2018-09-06,22.2,22.8,23.8,27.5,16.2,16.5,20.8,29.3,31.2,34.2
2018-09-07,23.0,22.2,22.8,23.8,16.1,16.2,16.5,28.3,29.3,31.2
2018-09-08,19.0,23.0,22.2,22.8,16.4,16.1,16.2,29.7,28.3,29.3
2018-09-09,21.2,19.0,23.0,22.2,14.9,16.4,16.1,23.2,29.7,28.3
2018-09-10,22.1,21.2,19.0,23.0,12.9,14.9,16.4,29.4,23.2,29.7
2018-09-11,22.4,22.1,21.2,19.0,14.8,12.9,14.9,29.4,29.4,23.2
2018-09-12,23.7,22.4,22.1,21.2,14.9,14.8,12.9,29.8,29.4,29.4
2018-09-13,24.4,23.7,22.4,22.1,16.5,14.9,14.8,30.9,29.8,29.4
2018-09-14,25.7,24.4,23.7,22.4,15.5,16.5,14.9,33.4,30.9,29.8
2018-09-15,25.0,25.7,24.4,23.7,17.8,15.5,16.5,33.6,33.4,30.9
2018-09-16,23.8,25.0,25.7,24.4,19.3,17.8,15.5,30.8,33.6,33.4
2018-09-17,25.4,23.8,25.0,25.7,15.5,19.3,17.8,32.2,30.8,33.6
2018-09-18,23.2,25.4,23.8,25.0,18.2,15.5,19.3,32.5,32.2,30.8
2018-09-19,23.3,23.2,25.4,23.8,16.7,18.2,15.5,29.8,32.5,32.2
2018-09-20,24.6,23.3,23.2,25.4,15.3,16.7,18.2,31.3,29.8,32.5
2018-09-21,24.7,24.6,23.3,23.2,16.1,15.3,16.7,33.1,31.3,29.8
2018-09-22,25.2,24.7,24.6,23.3,16.3,16.1,15.3,33.1,33.1,31.3
2018-09-23,25.8,25.2,24.7,24.6,16.2,16.3,16.1,34.1,33.1,33.1
2018-09-24,26.4,25.8,25.2,24.7,16.3,16.2,16.3,35.3,34.1,33.1
2018-09-25,24.0,26.4,25.8,25.2,19.4,16.3,16.2,33.4,35.3,34.1
2018-09-26,23.6,24.0,26.4,25.8,16.2,19.4,16.3,31.8,33.4,35.3
2018-09-27,21.4,23.6,24.0,26.4,19.2,16.2,19.4,27.9,31.8,33.4
2018-09-28,21.0,21.4,23.6,24.0,14.3,19.2,16.2,28.5,27.9,31.8
2018-09-29,21.2,21.0,21.4,23.6,12.7,14.3,19.2,29.2,28.5,27.9
2018-09-30,21.6,21.2,21.0,21.4,12.8,12.7,14.3,29.6,29.2,28.5
2018-10-01,20.2,21.6,21.2,21.0,12.5,12.8,12.7,30.8,29.6,29.2
2018-10-02,16.6,20.2,21.6,21.2,13.9,12.5,12.8,26.5,30.8,29.6
2018-10-03,18.4,16.6,20.2,21.6,6.2,13.9,12.5,27.1,26.5,30.8
2018-10-04,19.4,18.4,16.6,20.2,8.7,6.2,13.9,28.0,27.1,26.5
2018-10-05,20.2,19.4,18.4,16.6,9.8,8.7,6.2,29.0,28.0,27.1
2018-10-06,19.2,20.2,19.4,18.4,11.4,9.8,8.7,29.0,29.0,28.0
2018-10-07,15.4,19.2,20.2,19.4,9.2,11.4,9.8,29.1,29.0,29.0
2018-10-08,12.6,15.4,19.2,20.2,10.7,9.2,11.4,20.2,29.1,29.0
2018-10-09,14.3,12.6,15.4,19.2,5.1,10.7,9.2,20.1,20.2,29.1
2018-10-10,15.8,14.3,12.6,15.4,8.6,5.1,10.7,20.0,20.1,20.2
2018-10-11,17.0,15.8,14.3,12.6,11.8,8.6,5.1,19.8,20.0,20.1
2018-10-12,18.2,17.0,15.8,14.3,12.4,11.8,8.6,21.6,19.8,20.0
2018-10-13,19.5,18.2,17.0,15.8,14.1,12.4,11.8,22.3,21.6,19.8
2018-10-14,14.3,19.5,18.2,17.0,12.6,14.1,12.4,26.4,22.3,21.6
2018-10-15,12.1,14.3,19.5,18.2,10.0,12.6,14.1,18.6,26.4,22.3
2018-10-16,15.2,12.1,14.3,19.5,8.2,10.0,12.6,16.0,18.6,26.4
2018-10-17,15.8,15.2,12.1,14.3,8.5,8.2,10.0,21.9,16.0,18.6
2018-10-18,16.4,15.8,15.2,12.1,8.3,8.5,8.2,23.4,21.9,16.0
2018-10-19,15.4,16.4,15.8,15.2,11.9,8.3,8.5,21.0,23.4,21.9
2018-10-20,17.0,15.4,16.4,15.8,12.2,11.9,8.3,18.5,21.0,23.4
2018-10-21,17.0,17.0,15.4,16.4,13.3,12.2,11.9,20.6,18.5,21.0
2018-10-22,16.6,17.0,17.0,15.4,12.3,13.3,12.2,21.8,20.6,18.5
2018-10-23,17.0,16.6,17.0,17.0,9.5,12.3,13.3,23.6,21.8,20.6
2018-10-24,16.2,17.0,16.6,17.0,11.1,9.5,12.3,22.9,23.6,21.8
2018-10-25,16.0,16.2,17.0,16.6,7.5,11.1,9.5,24.9,22.9,23.6
2018-10-26,12.2,16.0,16.2,17.0,6.9,7.5,11.1,25.1,24.9,22.9
2018-10-27,8.3,12.2,16.0,16.2,7.8,6.9,7.5,16.5,25.1,24.9
2018-10-28,5.3,8.3,12.2,16.0,3.2,7.8,6.9,13.4,16.5,25.1
2018-10-29,6.3,5.3,8.3,12.2,0.0,3.2,7.8,10.6,13.4,16.5
2018-10-30,6.8,6.3,5.3,8.3,0.8,0.0,3.2,11.8,10.6,13.4
2018-10-31,8.6,6.8,6.3,5.3,5.1,0.8,0.0,8.6,11.8,10.6
2018-11-01,8.9,8.6,6.8,6.3,3.9,5.1,0.8,13.3,8.6,11.8
2018-11-02,14.6,8.9,8.6,6.8,2.1,3.9,5.1,15.7,13.3,8.6
2018-11-03,9.8,14.6,8.9,8.6,8.0,2.1,3.9,21.2,15.7,13.3
2018-11-04,8.9,9.8,14.6,8.9,2.6,8.0,2.1,17.1,21.2,15.7
2018-11-05,7.8,8.9,9.8,14.6,0.7,2.6,8.0,17.1,17.1,21.2
2018-11-06,8.8,7.8,8.9,9.8,5.4,0.7,2.6,10.3,17.1,17.1
2018-11-07,11.2,8.8,7.8,8.9,5.3,5.4,0.7,12.2,10.3,17.1
2018-11-08,8.6,11.2,8.8,7.8,7.0,5.3,5.4,15.4,12.2,10.3
2018-11-09,9.2,8.6,11.2,8.8,5.2,7.0,5.3,12.1,15.4,12.2
2018-11-10,11.6,9.2,8.6,11.2,3.9,5.2,7.0,14.4,12.1,15.4
2018-11-11,14.4,11.6,9.2,8.6,9.4,3.9,5.2,13.7,14.4,12.1
2018-11-12,11.5,14.4,11.6,9.2,11.5,9.4,3.9,17.2,13.7,14.4
2018-11-13,12.5,11.5,14.4,11.6,9.4,11.5,9.4,13.6,17.2,13.7
2018-11-14,12.2,12.5,11.5,14.4,7.4,9.4,11.5,17.6,13.6,17.2
2018-11-15,14.2,12.2,12.5,11.5,7.8,7.4,9.4,16.5,17.6,13.6
2018-11-16,13.8,14.2,12.2,12.5,11.4,7.8,7.4,17.1,16.5,17.6
2018-11-17,14.0,13.8,14.2,12.2,11.4,11.4,7.8,16.1,17.1,16.5
2018-11-18,10.8,14.0,13.8,14.2,10.4,11.4,11.4,17.6,16.1,17.1
2018-11-19,11.0,10.8,14.0,13.8,8.8,10.4,11.4,12.7,17.6,16.1
2018-11-20,10.1,11.0,10.8,14.0,8.2,8.8,10.4,13.9,12.7,17.6
2018-11-21,10.1,10.1,11.0,10.8,7.7,8.2,8.8,12.5,13.9,12.7
2018-11-22,7.8,10.1,10.1,11.0,7.1,7.7,8.2,13.1,12.5,13.9
2018-11-23,8.4,7.8,10.1,10.1,4.3,7.1,7.7,11.4,13.1,12.5
2018-11-24,4.7,8.4,7.8,10.1,3.7,4.3,7.1,13.1,11.4,13.1
2018-11-25,10.4,4.7,8.4,7.8,0.5,3.7,4.3,8.9,13.1,11.4
2018-11-26,8.5,10.4,4.7,8.4,5.8,0.5,3.7,15.1,8.9,13.1
2018-11-27,7.4,8.5,10.4,4.7,4.5,5.8,0.5,12.5,15.1,8.9
2018-11-28,6.0,7.4,8.5,10.4,1.9,4.5,5.8,13.0,12.5,15.1
2018-11-29,6.4,6.0,7.4,8.5,0.0,1.9,4.5,12.1,13.0,12.5
2018-11-30,7.7,6.4,6.0,7.4,-0.9,0.0,1.9,13.6,12.1,13.0
2018-12-01,6.2,7.7,6.4,6.0,1.6,-0.9,0.0,13.8,13.6,12.1
2018-12-02,5.8,6.2,7.7,6.4,0.2,1.6,-0.9,12.1,13.8,13.6
2018-12-03,6.4,5.8,6.2,7.7,1.4,0.2,1.6,10.1,12.1,13.8
2018-12-04,9.7,6.4,5.8,6.2,3.9,1.4,0.2,8.9,10.1,12.1
2018-12-05,10.6,9.7,6.4,5.8,1.7,3.9,1.4,17.7,8.9,10.1
2018-12-06,10.0,10.6,9.7,6.4,3.1,1.7,3.9,18.2,17.7,8.9
2018-12-07,6.4,10.0,10.6,9.7,2.4,3.1,1.7,17.6,18.2,17.7
2018-12-08,9.8,6.4,10.0,10.6,0.0,2.4,3.1,12.8,17.6,18.2
2018-12-09,9.4,9.8,6.4,10.0,4.4,0.0,2.4,15.3,12.8,17.6
2018-12-10,8.4,9.4,9.8,6.4,1.4,4.4,0.0,17.3,15.3,12.8
2018-12-11,7.1,8.4,9.4,9.8,0.2,1.4,4.4,16.5,17.3,15.3
2018-12-12,4.3,7.1,8.4,9.4,0.5,0.2,1.4,13.7,16.5,17.3
2018-12-13,6.0,4.3,7.1,8.4,0.4,0.5,0.2,8.2,13.7,16.5
2018-12-14,6.4,6.0,4.3,7.1,3.1,0.4,0.5,9.0,8.2,13.7
2018-12-15,4.4,6.4,6.0,4.3,1.1,3.1,0.4,11.8,9.0,8.2
2018-12-16,8.7,4.4,6.4,6.0,0.0,1.1,3.1,8.9,11.8,9.0
2018-12-17,4.9,8.7,4.4,6.4,3.8,0.0,1.1,13.6,8.9,11.8
2018-12-18,3.4,4.9,8.7,4.4,0.0,3.8,0.0,9.8,13.6,8.9
2018-12-19,7.3,3.4,4.9,8.7,-1.0,0.0,3.8,7.8,9.8,13.6
2018-12-20,8.1,7.3,3.4,4.9,4.3,-1.0,0.0,10.3,7.8,9.8
2018-12-21,6.8,8.1,7.3,3.4,4.9,4.3,-1.0,11.3,10.3,7.8
2018-12-22,7.2,6.8,8.1,7.3,5.4,4.9,4.3,8.2,11.3,10.3
2018-12-23,7.6,7.2,6.8,8.1,5.8,5.4,4.9,8.7,8.2,11.3
2018-12-24,7.0,7.6,7.2,6.8,2.7,5.8,5.4,12.5,8.7,8.2
2018-12-25,8.6,7.0,7.6,7.2,-1.0,2.7,5.8,15.0,12.5,8.7
2018-12-26,7.2,8.6,7.0,7.6,1.0,-1.0,2.7,16.3,15.0,12.5
2018-12-27,5.6,7.2,8.6,7.0,0.6,1.0,-1.0,13.7,16.3,15.0
2018-12-28,6.2,5.6,7.2,8.6,-1.5,0.6,1.0,12.6,13.7,16.3
2018-12-29,6.4,6.2,5.6,7.2,-1.6,-1.5,0.6,14.1,12.6,13.7
2018-12-30,7.5,6.4,6.2,5.6,-0.9,-1.6,-1.5,13.6,14.1,12.6
2018-12-31,6.6,7.5,6.4,6.2,-1.7,-0.9,-1.6,16.7,13.6,14.1
2019-01-01,5.9,6.6,7.5,6.4,-3.0,-1.7,-0.9,16.3,16.7,13.6
2019-01-02,5.5,5.9,6.6,7.5,-3.0,-3.0,-1.7,14.8,16.3,16.7
2019-01-03,5.6,5.5,5.9,6.6,-3.9,-3.0,-3.0,14.9,14.8,16.3
2019-01-04,5.6,5.6,5.5,5.9,-2.3,-3.9,-3.0,13.6,14.9,14.8
2019-01-05,5.2,5.6,5.6,5.5,-3.6,-2.3,-3.9,14.8,13.6,14.9
2019-01-06,6.4,5.2,5.6,5.6,-4.0,-3.6,-2.3,14.4,14.8,13.6
2019-01-07,6.6,6.4,5.2,5.6,-4.2,-4.0,-3.6,17.0,14.4,14.8
2019-01-08,6.3,6.6,6.4,5.2,-3.5,-4.2,-4.0,16.7,17.0,14.4
2019-01-09,7.0,6.3,6.6,6.4,-3.4,-3.5,-4.2,16.0,16.7,17.0
2019-01-10,3.4,7.0,6.3,6.6,-1.5,-3.4,-3.5,15.5,16.0,16.7
2019-01-11,2.3,3.4,7.0,6.3,-3.6,-1.5,-3.4,10.3,15.5,16.0
2019-01-12,3.9,2.3,3.4,7.0,-4.7,-3.6,-1.5,9.3,10.3,15.5
2019-01-13,4.4,3.9,2.3,3.4,-4.1,-4.7,-3.6,11.9,9.3,10.3
2019-01-14,6.4,4.4,3.9,2.3,-4.5,-4.1,-4.7,13.4,11.9,9.3
2019-01-15,6.2,6.4,4.4,3.9,-2.6,-4.5,-4.1,15.4,13.4,11.9
2019-01-16,4.3,6.2,6.4,4.4,-1.9,-2.6,-4.5,14.3,15.4,13.4
2019-01-17,3.6,4.3,6.2,6.4,-2.8,-1.9,-2.6,11.4,14.3,15.4
2019-01-18,2.8,3.6,4.3,6.2,-0.5,-2.8,-1.9,7.7,11.4,14.3
2019-01-19,0.5,2.8,3.6,4.3,-3.1,-0.5,-2.8,8.8,7.7,11.4
2019-01-20,6.7,0.5,2.8,3.6,-3.1,-3.1,-0.5,4.1,8.8,7.7
2019-01-21,5.2,6.7,0.5,2.8,1.6,-3.1,-3.1,11.8,4.1,8.8
2019-01-22,3.6,5.2,6.7,0.5,-0.9,1.6,-3.1,11.4,11.8,4.1
2019-01-23,9.5,3.6,5.2,6.7,-1.9,-0.9,1.6,9.1,11.4,11.8
2019-01-24,12.2,9.5,3.6,5.2,5.5,-1.9,-0.9,13.5,9.1,11.4
2019-01-25,9.8,12.2,9.5,3.6,7.2,5.5,-1.9,17.1,13.5,9.1
2019-01-26,6.0,9.8,12.2,9.5,3.0,7.2,5.5,16.5,17.1,13.5
2019-01-27,7.4,6.0,9.8,12.2,-2.2,3.0,7.2,14.3,16.5,17.1
2019-01-28,8.7,7.4,6.0,9.8,1.3,-2.2,3.0,13.6,14.3,16.5
2019-01-29,7.1,8.7,7.4,6.0,3.1,1.3,-2.2,14.3,13.6,14.3
2019-01-30,7.7,7.1,8.7,7.4,3.8,3.1,1.3,10.4,14.3,13.6
2019-01-31,10.0,7.7,7.1,8.7,3.2,3.8,3.1,12.2,10.4,14.3
2019-02-01,6.6,10.0,7.7,7.1,6.7,3.2,3.8,13.2,12.2,10.4
2019-02-02,5.1,6.6,10.0,7.7,3.8,6.7,3.2,9.4,13.2,12.2
2019-02-03,4.4,5.1,6.6,10.0,0.0,3.8,6.7,10.2,9.4,13.2
2019-02-04,4.5,4.4,5.1,6.6,-2.5,0.0,3.8,11.4,10.2,9.4
2019-02-05,7.8,4.5,4.4,5.1,-4.7,-2.5,0.0,13.7,11.4,10.2
2019-02-06,8.2,7.8,4.5,4.4,-1.6,-4.7,-2.5,17.1,13.7,11.4
2019-02-07,8.6,8.2,7.8,4.5,-0.3,-1.6,-4.7,16.8,17.1,13.7
2019-02-08,7.2,8.6,8.2,7.8,0.0,-0.3,-1.6,17.3,16.8,17.1
2019-02-09,6.6,7.2,8.6,8.2,-1.6,0.0,-0.3,16.0,17.3,16.8
2019-02-10,8.0,6.6,7.2,8.6,-0.4,-1.6,0.0,13.7,16.0,17.3
2019-02-11,8.8,8.0,6.6,7.2,2.9,-0.4,-1.6,13.1,13.7,16.0
2019-02-12,6.8,8.8,8.0,6.6,1.7,2.9,-0.4,15.8,13.1,13.7
2019-02-13,7.6,6.8,8.8,8.0,-1.5,1.7,2.9,15.2,15.8,13.1
2019-02-14,6.4,7.6,6.8,8.8,-1.4,-1.5,1.7,16.5,15.2,15.8
2019-02-15,7.6,6.4,7.6,6.8,-1.7,-1.4,-1.5,14.5,16.5,15.2
2019-02-16,9.7,7.6,6.4,7.6,-1.7,-1.7,-1.4,16.9,14.5,16.5
2019-02-17,7.7,9.7,7.6,6.4,2.0,-1.7,-1.7,17.4,16.9,14.5
2019-02-18,9.0,7.7,9.7,7.6,-0.8,2.0,-1.7,16.2,17.4,16.9
2019-02-19,8.8,9.0,7.7,9.7,2.9,-0.8,2.0,15.0,16.2,17.4
2019-02-20,8.3,8.8,9.0,7.7,1.8,2.9,-0.8,15.7,15.0,16.2
2019-02-21,9.0,8.3,8.8,9.0,0.6,1.8,2.9,16.0,15.7,15.0
2019-02-22,9.8,9.0,8.3,8.8,0.3,0.6,1.8,17.7,16.0,15.7
2019-02-23,9.0,9.8,9.0,8.3,-0.4,0.3,0.6,20.0,17.7,16.0
2019-02-24,10.2,9.0,9.8,9.0,-1.6,-0.4,0.3,19.6,20.0,17.7
2019-02-25,10.6,10.2,9.0,9.8,0.8,-1.6,-0.4,19.7,19.6,20.0
2019-02-26,11.2,10.6,10.2,9.0,1.1,0.8,-1.6,20.1,19.7,19.6
2019-02-27,11.0,11.2,10.6,10.2,1.6,1.1,0.8,20.7,20.1,19.7
2019-02-28,10.2,11.0,11.2,10.6,0.6,1.6,1.1,21.5,20.7,20.1
2019-03-01,11.6,10.2,11.0,11.2,0.5,0.6,1.6,19.8,21.5,20.7
2019-03-02,12.6,11.6,10.2,11.0,1.9,0.5,0.6,21.2,19.8,21.5
2019-03-03,11.1,12.6,11.6,10.2,3.8,1.9,0.5,21.4,21.2,19.8
2019-03-04,12.7,11.1,12.6,11.6,1.1,3.8,1.9,21.1,21.4,21.2
2019-03-05,11.6,12.7,11.1,12.6,8.4,1.1,3.8,17.0,21.1,21.4
2019-03-06,9.2,11.6,12.7,11.1,7.6,8.4,1.1,15.7,17.0,21.1
2019-03-07,7.4,9.2,11.6,12.7,5.3,7.6,8.4,13.2,15.7,17.0
2019-03-08,10.2,7.4,9.2,11.6,2.1,5.3,7.6,12.8,13.2,15.7
2019-03-09,10.6,10.2,7.4,9.2,3.3,2.1,5.3,17.1,12.8,13.2
2019-03-10,13.8,10.6,10.2,7.4,1.6,3.3,2.1,19.5,17.1,12.8
2019-03-11,14.3,13.8,10.6,10.2,2.9,1.6,3.3,24.6,19.5,17.1
2019-03-12,12.6,14.3,13.8,10.6,7.3,2.9,1.6,21.3,24.6,19.5
2019-03-13,10.5,12.6,14.3,13.8,2.4,7.3,2.9,22.9,21.3,24.6
2019-03-14,9.4,10.5,12.6,14.3,4.9,2.4,7.3,16.1,22.9,21.3
2019-03-15,12.6,9.4,10.5,12.6,-0.7,4.9,2.4,19.6,16.1,22.9
2019-03-16,14.0,12.6,9.4,10.5,1.0,-0.7,4.9,24.2,19.6,16.1
2019-03-17,13.9,14.0,12.6,9.4,2.7,1.0,-0.7,25.4,24.2,19.6
2019-03-18,9.8,13.9,14.0,12.6,6.1,2.7,1.0,21.7,25.4,24.2
2019-03-19,11.4,9.8,13.9,14.0,3.6,6.1,2.7,16.0,21.7,25.4
2019-03-20,9.2,11.4,9.8,13.9,5.1,3.6,6.1,17.7,16.0,21.7
2019-03-21,9.0,9.2,11.4,9.8,2.8,5.1,3.6,15.6,17.7,16.0
2019-03-22,9.0,9.0,9.2,11.4,1.7,2.8,5.1,16.2,15.6,17.7
2019-03-23,11.6,9.0,9.0,9.2,-0.6,1.7,2.8,18.5,16.2,15.6
2019-03-24,13.7,11.6,9.0,9.0,2.5,-0.6,1.7,20.8,18.5,16.2
2019-03-25,14.2,13.7,11.6,9.0,6.0,2.5,-0.6,21.4,20.8,18.5
2019-03-26,14.2,14.2,13.7,11.6,6.4,6.0,2.5,22.1,21.4,20.8
2019-03-27,10.0,14.2,14.2,13.7,6.0,6.4,6.0,22.5,22.1,21.4
2019-03-28,11.6,10.0,14.2,14.2,0.0,6.0,6.4,20.0,22.5,22.1
2019-03-29,11.4,11.6,10.0,14.2,3.1,0.0,6.0,20.2,20.0,22.5
2019-03-30,11.0,11.4,11.6,10.0,3.6,3.1,0.0,19.3,20.2,20.0
2019-03-31,10.0,11.0,11.4,11.6,2.3,3.6,3.1,19.6,19.3,20.2
2019-04-01,13.6,10.0,11.0,11.4,6.3,2.3,3.6,13.8,19.6,19.3
2019-04-02,13.4,13.6,10.0,11.0,8.1,6.3,2.3,19.2,13.8,19.6
2019-04-03,10.8,13.4,13.6,10.0,5.9,8.1,6.3,21.0,19.2,13.8
2019-04-04,7.6,10.8,13.4,13.6,4.9,5.9,8.1,16.7,21.0,19.2
2019-04-05,6.6,7.6,10.8,13.4,-0.4,4.9,5.9,15.5,16.7,21.0
2019-04-06,7.6,6.6,7.6,10.8,3.3,-0.4,4.9,10.0,15.5,16.7
2019-04-07,8.6,7.6,6.6,7.6,1.4,3.3,-0.4,13.7,10.0,15.5
2019-04-08,11.7,8.6,7.6,6.6,2.6,1.4,3.3,14.5,13.7,10.0
2019-04-09,9.4,11.7,8.6,7.6,5.4,2.6,1.4,18.0,14.5,13.7
2019-04-13,11.9,10.5,10.0,11.4,0.8,2.2,6.5,20.2,17.8,16.3
2019-04-14,16.6,11.9,10.5,10.0,1.1,0.8,2.2,22.7,20.2,17.8
2019-04-15,17.6,16.6,11.9,10.5,8.9,1.1,0.8,24.4,22.7,20.2
2019-04-16,13.3,17.6,16.6,11.9,10.0,8.9,1.1,25.1,24.4,22.7
2019-04-17,17.0,13.3,17.6,16.6,4.7,10.0,8.9,21.9,25.1,24.4
2019-04-18,11.0,17.0,13.3,17.6,10.3,4.7,10.0,23.6,21.9,25.1
2019-04-19,9.9,11.0,17.0,13.3,8.8,10.3,4.7,13.1,23.6,21.9
2019-04-20,14.7,9.9,11.0,17.0,8.5,8.8,10.3,11.3,13.1,23.6
2019-04-21,11.0,14.7,9.9,11.0,9.3,8.5,8.8,20.1,11.3,13.1
2019-04-22,13.0,11.0,14.7,9.9,8.7,9.3,8.5,13.4,20.1,11.3
2019-04-23,9.8,13.0,11.0,14.7,6.8,8.7,9.3,19.3,13.4,20.1
2019-04-24,7.8,9.8,13.0,11.0,5.1,6.8,8.7,14.6,19.3,13.4
2019-04-25,10.1,7.8,9.8,13.0,4.3,5.1,6.8,11.2,14.6,19.3
2019-04-26,12.7,10.1,7.8,9.8,6.1,4.3,5.1,14.1,11.2,14.6
2019-04-27,13.0,12.7,10.1,7.8,6.5,6.1,4.3,18.9,14.1,11.2
2019-04-28,17.2,13.0,12.7,10.1,3.8,6.5,6.1,22.2,18.9,14.1
2019-04-29,18.6,17.2,13.0,12.7,9.4,3.8,6.5,24.9,22.2,18.9
2019-04-30,18.3,18.6,17.2,13.0,11.3,9.4,3.8,25.8,24.9,22.2
2019-05-01,18.3,18.3,18.6,17.2,9.7,11.3,9.4,26.9,25.8,24.9
2019-05-02,19.1,18.3,18.3,18.6,10.5,9.7,11.3,26.1,26.9,25.8
2019-05-03,15.4,19.1,18.3,18.3,12.6,10.5,9.7,25.6,26.1,26.9
2019-05-04,14.0,15.4,19.1,18.3,9.6,12.6,10.5,21.1,25.6,26.1
2019-05-05,16.0,14.0,15.4,19.1,4.1,9.6,12.6,24.0,21.1,25.6
2019-05-06,15.4,16.0,14.0,15.4,7.6,4.1,9.6,24.5,24.0,21.1
2019-05-07,17.6,15.4,16.0,14.0,5.0,7.6,4.1,25.9,24.5,24.0
2019-05-08,16.0,17.6,15.4,16.0,10.8,5.0,7.6,24.4,25.9,24.5
2019-05-09,15.6,16.0,17.6,15.4,12.0,10.8,5.0,20.1,24.4,25.9
2019-07-06,25.7,27.2,27.9,28.4,20.3,22.3,21.9,34.0,33.5,34.8
2019-07-07,25.6,25.7,27.2,27.9,16.4,20.3,22.3,35.0,34.0,33.5
2019-07-08,24.4,25.6,25.7,27.2,17.1,16.4,20.3,34.2,35.0,34.0
2019-07-09,22.2,24.4,25.6,25.7,17.4,17.1,16.4,31.5,34.2,35.0
2019-07-10,24.3,22.2,24.4,25.6,14.2,17.4,17.1,30.1,31.5,34.2
2019-07-11,27.4,24.3,22.2,24.4,16.2,14.2,17.4,32.4,30.1,31.5
2019-07-12,29.0,27.4,24.3,22.2,17.5,16.2,14.2,37.4,32.4,30.1
2019-07-13,29.1,29.0,27.4,24.3,19.1,17.5,16.2,38.8,37.4,32.4
2019-07-14,26.6,29.1,29.0,27.4,23.2,19.1,17.5,35.0,38.8,37.4
2019-07-15,28.0,26.6,29.1,29.0,19.1,23.2,19.1,34.0,35.0,38.8
2019-07-16,28.4,28.0,26.6,29.1,18.9,19.1,23.2,37.2,34.0,35.0
2019-07-17,27.5,28.4,28.0,26.6,19.9,18.9,19.1,36.9,37.2,34.0
2019-07-18,28.0,27.5,28.4,28.0,21.7,19.9,18.9,33.3,36.9,37.2
2019-07-19,30.2,28.0,27.5,28.4,20.0,21.7,19.9,35.9,33.3,36.9
2019-07-20,31.0,30.2,28.0,27.5,22.7,20.0,21.7,37.7,35.9,33.3
2019-07-21,31.3,31.0,30.2,28.0,24.3,22.7,20.0,37.8,37.7,35.9
2019-07-22,30.0,31.3,31.0,30.2,23.9,24.3,22.7,38.7,37.8,37.7
2019-07-23,31.1,30.0,31.3,31.0,22.8,23.9,24.3,37.1,38.7,37.8
2019-07-24,28.3,31.1,30.0,31.3,24.5,22.8,23.9,37.7,37.1,38.7
2019-07-25,29.1,28.3,31.1,30.0,19.6,24.5,22.8,37.0,37.7,37.1
2019-07-26,26.8,29.1,28.3,31.1,21.5,19.6,24.5,36.7,37.0,37.7
2019-07-27,23.6,26.8,29.1,28.3,20.9,21.5,19.6,32.7,36.7,37.0
2019-07-28,22.8,23.6,26.8,29.1,18.5,20.9,21.5,28.8,32.7,36.7
2019-07-29,24.6,22.8,23.6,26.8,15.3,18.5,20.9,30.3,28.8,32.7
2019-07-30,23.0,24.6,22.8,23.6,15.7,15.3,18.5,33.5,30.3,28.8
2019-07-31,26.3,23.0,24.6,22.8,14.3,15.7,15.3,31.8,33.5,30.3
2019-08-01,27.6,26.3,23.0,24.6,18.0,14.3,15.7,34.6,31.8,33.5
2019-08-02,26.8,27.6,26.3,23.0,20.5,18.0,14.3,34.8,34.6,31.8
2019-08-03,28.2,26.8,27.6,26.3,17.2,20.5,18.0,36.5,34.8,34.6
2019-08-04,27.4,28.2,26.8,27.6,20.1,17.2,20.5,36.4,36.5,34.8
2019-08-05,27.4,27.4,28.2,26.8,18.5,20.1,17.2,36.4,36.4,36.5
2019-08-06,27.0,27.4,27.4,28.2,18.0,18.5,20.1,36.8,36.4,36.4
2019-08-07,24.2,27.0,27.4,27.4,18.2,18.0,18.5,35.7,36.8,36.4
2019-08-08,25.8,24.2,27.0,27.4,20.5,18.2,18.0,27.9,35.7,36.8
2019-08-09,26.6,25.8,24.2,27.0,17.4,20.5,18.2,34.1,27.9,35.7
2019-08-10,24.3,26.6,25.8,24.2,21.1,17.4,20.5,32.0,34.1,27.9
2019-08-11,24.3,24.3,26.6,25.8,16.5,21.1,17.4,32.1,32.0,34.1
2019-08-12,20.6,24.3,24.3,26.6,17.5,16.5,21.1,31.1,32.1,32.0
2019-08-13,23.2,20.6,24.3,24.3,12.9,17.5,16.5,28.4,31.1,32.1
2019-08-14,23.8,23.2,20.6,24.3,15.1,12.9,17.5,31.2,28.4,31.1
2019-08-15,26.2,23.8,23.2,20.6,14.0,15.1,12.9,33.7,31.2,28.4
2019-08-16,28.6,26.2,23.8,23.2,16.0,14.0,15.1,36.5,33.7,31.2
2019-08-17,27.7,28.6,26.2,23.8,20.8,16.0,14.0,36.5,36.5,33.7
2019-08-18,26.5,27.7,28.6,26.2,18.0,20.8,16.0,37.4,36.5,36.5
2019-08-19,26.7,26.5,27.7,28.6,17.6,18.0,20.8,35.4,37.4,36.5
2019-08-20,25.2,26.7,26.5,27.7,19.3,17.6,18.0,34.1,35.4,37.4
2019-08-21,23.9,25.2,26.7,26.5,19.5,19.3,17.6,31.0,34.1,35.4
2019-08-22,23.5,23.9,25.2,26.7,17.3,19.5,19.3,30.5,31.0,34.1
2019-08-23,25.2,23.5,23.9,25.2,14.8,17.3,19.5,32.2,30.5,31.0
2019-08-24,26.2,25.2,23.5,23.9,17.7,14.8,17.3,32.6,32.2,30.5
2019-08-25,27.4,26.2,25.2,23.5,18.0,17.7,14.8,34.4,32.6,32.2
2019-08-26,21.0,27.4,26.2,25.2,21.3,18.0,17.7,33.5,34.4,32.6
2019-08-27,21.2,21.0,27.4,26.2,14.2,21.3,18.0,27.9,33.5,34.4
2019-08-28,23.0,21.2,21.0,27.4,14.4,14.2,21.3,28.0,27.9,33.5
2019-08-29,25.0,23.0,21.2,21.0,15.2,14.4,14.2,30.8,28.0,27.9
2019-08-30,26.0,25.0,23.0,21.2,16.7,15.2,14.4,33.4,30.8,28.0
2019-08-31,24.0,26.0,25.0,23.0,17.2,16.7,15.2,34.8,33.4,30.8
2019-09-01,24.6,24.0,26.0,25.0,15.4,17.2,16.7,32.7,34.8,33.4
2019-09-02,25.1,24.6,24.0,26.0,16.8,15.4,17.2,32.5,32.7,34.8
2019-09-03,26.4,25.1,24.6,24.0,18.0,16.8,15.4,32.2,32.5,32.7
2019-09-04,24.8,26.4,25.1,24.6,18.1,18.0,16.8,34.7,32.2,32.5
2019-09-05,21.5,24.8,26.4,25.1,16.2,18.1,18.0,33.5,34.7,32.2
2019-09-06,19.2,21.5,24.8,26.4,15.3,16.2,18.1,27.7,33.5,34.7
2019-09-07,22.0,19.2,21.5,24.8,11.7,15.3,16.2,26.7,27.7,33.5
2019-09-08,22.9,22.0,19.2,21.5,14.5,11.7,15.3,29.4,26.7,27.7
2019-09-09,21.8,22.9,22.0,19.2,16.1,14.5,11.7,29.7,29.4,26.7
2019-09-10,18.0,21.8,22.9,22.0,13.1,16.1,14.5,30.5,29.7,29.4
2019-09-11,19.1,18.0,21.8,22.9,13.4,13.1,16.1,22.6,30.5,29.7
2019-09-12,22.4,19.1,18.0,21.8,12.1,13.4,13.1,26.1,22.6,30.5
2019-09-13,18.2,22.4,19.1,18.0,15.9,12.1,13.4,28.8,26.1,22.6
2019-09-14,18.0,18.2,22.4,19.1,15.0,15.9,12.1,21.5,28.8,26.1
2019-09-15,18.8,18.0,18.2,22.4,15.6,15.0,15.9,20.5,21.5,28.8
2019-09-16,21.0,18.8,18.0,18.2,15.0,15.6,15.0,22.6,20.5,21.5
2019-09-17,21.0,21.0,18.8,18.0,15.7,15.0,15.6,26.2,22.6,20.5
2019-09-18,21.9,21.0,21.0,18.8,13.8,15.7,15.0,28.2,26.2,22.6
2019-09-19,22.1,21.9,21.0,21.0,15.8,13.8,15.7,28.0,28.2,26.2
2019-09-20,20.2,22.1,21.9,21.0,14.9,15.8,13.8,29.3,28.0,28.2
2019-09-21,17.4,20.2,22.1,21.9,15.5,14.9,15.8,24.8,29.3,28.0
2019-09-22,18.3,17.4,20.2,22.1,14.2,15.5,14.9,20.7,24.8,29.3
2019-09-23,16.5,18.3,17.4,20.2,12.6,14.2,15.5,24.0,20.7,24.8
2019-09-24,19.1,16.5,18.3,17.4,9.4,12.6,14.2,23.6,24.0,20.7
2019-09-25,18.6,19.1,16.5,18.3,10.5,9.4,12.6,27.7,23.6,24.0
2019-09-26,19.4,18.6,19.1,16.5,11.8,10.5,9.4,25.3,27.7,23.6
2019-09-27,20.7,19.4,18.6,19.1,11.3,11.8,10.5,27.5,25.3,27.7
2019-09-28,19.4,20.7,19.4,18.6,12.0,11.3,11.8,29.4,27.5,25.3
2019-09-29,20.2,19.4,20.7,19.4,10.0,12.0,11.3,28.8,29.4,27.5
2019-09-30,20.4,20.2,19.4,20.7,9.7,10.0,12.0,30.6,28.8,29.4
2019-10-01,19.0,20.4,20.2,19.4,10.5,9.7,10.0,30.4,30.6,28.8
2019-10-02,18.0,19.0,20.4,20.2,10.0,10.5,9.7,28.1,30.4,30.6
2019-10-03,16.9,18.0,19.0,20.4,11.5,10.0,10.5,24.5,28.1,30.4
2019-10-04,18.8,16.9,18.0,19.0,7.9,11.5,10.0,25.9,24.5,28.1
2019-10-05,18.7,18.8,16.9,18.0,8.8,7.9,11.5,28.8,25.9,24.5
2019-10-06,19.1,18.7,18.8,16.9,10.0,8.8,7.9,27.4,28.8,25.9
2019-10-07,19.8,19.1,18.7,18.8,9.5,10.0,8.8,28.7,27.4,28.8
2019-10-08,20.6,19.8,19.1,18.7,11.0,9.5,10.0,28.7,28.7,27.4
2019-10-09,20.8,20.6,19.8,19.1,11.4,11.0,9.5,29.8,28.7,28.7
2019-10-10,20.4,20.8,20.6,19.8,12.5,11.4,11.0,29.1,29.8,28.7
2019-10-11,19.8,20.4,20.8,20.6,14.3,12.5,11.4,26.6,29.1,29.8
2019-10-12,20.7,19.8,20.4,20.8,12.6,14.3,12.5,27.0,26.6,29.1
2019-10-13,18.7,20.7,19.8,20.4,15.3,12.6,14.3,26.1,27.0,26.6
2019-10-14,13.6,18.7,20.7,19.8,12.6,15.3,12.6,24.8,26.1,27.0
2019-10-15,11.8,13.6,18.7,20.7,7.1,12.6,15.3,20.2,24.8,26.1
2019-10-16,12.7,11.8,13.6,18.7,5.9,7.1,12.6,17.7,20.2,24.8
2019-10-17,11.6,12.7,11.8,13.6,5.7,5.9,7.1,19.7,17.7,20.2
2019-10-18,16.6,11.6,12.7,11.8,7.5,5.7,5.9,15.7,19.7,17.7
2019-10-19,14.3,16.6,11.6,12.7,12.9,7.5,5.7,20.2,15.7,19.7
2019-10-20,9.2,14.3,16.6,11.6,10.7,12.9,7.5,17.9,20.2,15.7
2019-10-21,8.8,9.2,14.3,16.6,5.2,10.7,12.9,13.2,17.9,20.2
2019-10-22,8.9,8.8,9.2,14.3,2.1,5.2,10.7,15.6,13.2,17.9
2019-10-23,8.4,8.9,8.8,9.2,6.5,2.1,5.2,11.3,15.6,13.2
2019-10-24,11.8,8.4,8.9,8.8,6.8,6.5,2.1,10.0,11.3,15.6
2019-10-25,13.6,11.8,8.4,8.9,5.5,6.8,6.5,18.2,10.0,11.3
2019-10-26,14.2,13.6,11.8,8.4,6.1,5.5,6.8,21.1,18.2,10.0
2019-10-27,14.0,14.2,13.6,11.8,5.3,6.1,5.5,23.1,21.1,18.2
2019-10-28,16.4,14.0,14.2,13.6,6.2,5.3,6.1,21.9,23.1,21.1
2019-10-29,14.1,16.4,14.0,14.2,10.8,6.2,5.3,22.0,21.9,23.1
2019-10-30,13.7,14.1,16.4,14.0,8.4,10.8,6.2,19.8,22.0,21.9
2019-10-31,18.8,13.7,14.1,16.4,9.0,8.4,10.8,18.4,19.8,22.0
2019-11-01,17.0,18.8,13.7,14.1,13.6,9.0,8.4,24.0,18.4,19.8
2019-11-02,16.4,17.0,18.8,13.7,14.1,13.6,9.0,20.0,24.0,18.4
2019-11-03,15.2,16.4,17.0,18.8,13.0,14.1,13.6,19.8,20.0,24.0
2019-11-04,13.0,15.2,16.4,17.0,12.1,13.0,14.1,18.2,19.8,20.0
2019-11-05,11.5,13.0,15.2,16.4,8.4,12.1,13.0,17.6,18.2,19.8
2019-11-06,10.4,11.5,13.0,15.2,7.5,8.4,12.1,15.5,17.6,18.2
2019-11-07,8.3,10.4,11.5,13.0,5.8,7.5,8.4,15.1,15.5,17.6
2019-11-08,8.0,8.3,10.4,11.5,2.4,5.8,7.5,14.2,15.1,15.5
2019-11-09,8.2,8.0,8.3,10.4,2.9,2.4,5.8,13.0,14.2,15.1
2019-11-10,6.4,8.2,8.0,8.3,4.2,2.9,2.4,12.1,13.0,14.2
2019-11-11,7.4,6.4,8.2,8.0,2.1,4.2,2.9,10.7,12.1,13.0
2019-11-12,8.0,7.4,6.4,8.2,2.0,2.1,4.2,12.7,10.7,12.1
2019-11-17,5.0,5.6,7.0,7.8,-0.9,3.4,4.6,12.0,10.5,11.1
2019-11-18,6.6,5.0,5.6,7.0,2.4,-0.9,3.4,7.5,12.0,10.5
2019-11-19,3.9,6.6,5.0,5.6,0.9,2.4,-0.9,12.3,7.5,12.0
2019-11-20,4.6,3.9,6.6,5.0,-2.3,0.9,2.4,10.1,12.3,7.5
2019-11-21,6.8,4.6,3.9,6.6,0.8,-2.3,0.9,8.3,10.1,12.3
2019-11-22,9.0,6.8,4.6,3.9,4.7,0.8,-2.3,9.0,8.3,10.1
2019-11-23,9.2,9.0,6.8,4.6,6.8,4.7,0.8,11.2,9.0,8.3
2019-11-24,9.1,9.2,9.0,6.8,5.9,6.8,4.7,12.5,11.2,9.0
2019-11-25,12.6,9.1,9.2,9.0,4.7,5.9,6.8,13.5,12.5,11.2
2019-11-26,11.2,12.6,9.1,9.2,8.6,4.7,5.9,16.5,13.5,12.5
2019-11-27,11.0,11.2,12.6,9.1,9.1,8.6,4.7,13.3,16.5,13.5
2019-11-28,9.6,11.0,11.2,12.6,8.4,9.1,8.6,13.6,13.3,16.5
2019-11-29,12.6,9.6,11.0,11.2,7.3,8.4,9.1,12.0,13.6,13.3
2019-11-30,11.4,12.6,9.6,11.0,10.8,7.3,8.4,14.3,12.0,13.6
2019-12-01,6.6,11.4,12.6,9.6,7.6,10.8,7.3,15.1,14.3,12.0
2019-12-02,8.6,6.6,11.4,12.6,5.0,7.6,10.8,8.1,15.1,14.3
2019-12-03,6.5,8.6,6.6,11.4,5.3,5.0,7.6,11.8,8.1,15.1
2019-12-04,8.4,6.5,8.6,6.6,2.8,5.3,5.0,10.2,11.8,8.1
2019-12-05,10.0,8.4,6.5,8.6,5.2,2.8,5.3,11.6,10.2,11.8
2019-12-06,9.4,10.0,8.4,6.5,7.7,5.2,2.8,12.3,11.6,10.2
2019-12-07,7.2,9.4,10.0,8.4,4.3,7.7,5.2,14.4,12.3,11.6
2019-12-08,3.9,7.2,9.4,10.0,0.6,4.3,7.7,13.9,14.4,12.3
2019-12-09,7.4,3.9,7.2,9.4,1.3,0.6,4.3,6.5,13.9,14.4
2019-12-10,5.6,7.4,3.9,7.2,2.9,1.3,0.6,12.0,6.5,13.9
2019-12-11,7.2,5.6,7.4,3.9,2.1,2.9,1.3,9.0,12.0,6.5
2019-12-12,7.3,7.2,5.6,7.4,2.2,2.1,2.9,12.2,9.0,12.0
2019-12-13,12.2,7.3,7.2,5.6,3.2,2.2,2.1,11.4,12.2,9.0
2019-12-14,9.7,12.2,7.3,7.2,9.1,3.2,2.2,15.2,11.4,12.2
2019-12-15,8.8,9.7,12.2,7.3,6.2,9.1,3.2,13.2,15.2,11.4
2019-12-16,10.8,8.8,9.7,12.2,6.4,6.2,9.1,11.3,13.2,15.2
2019-12-17,9.8,10.8,8.8,9.7,6.8,6.4,6.2,14.8,11.3,13.2
2019-12-18,5.8,9.8,10.8,8.8,6.8,6.8,6.4,12.8,14.8,11.3
2019-12-19,9.9,5.8,9.8,10.8,3.3,6.8,6.8,8.3,12.8,14.8
2019-12-20,11.9,9.9,5.8,9.8,7.2,3.3,6.8,12.6,8.3,12.8
2019-12-21,13.3,11.9,9.9,5.8,10.4,7.2,3.3,13.4,12.6,8.3
2019-12-22,10.8,13.3,11.9,9.9,10.4,10.4,7.2,16.2,13.4,12.6
2019-12-23,9.3,10.8,13.3,11.9,8.4,10.4,10.4,13.2,16.2,13.4
2019-12-24,8.6,9.3,10.8,13.3,5.0,8.4,10.4,13.6,13.2,16.2
2019-12-25,9.7,8.6,9.3,10.8,2.5,5.0,8.4,14.8,13.6,13.2
2019-12-26,9.4,9.7,8.6,9.3,2.3,2.5,5.0,17.1,14.8,13.6
2019-12-27,7.6,9.4,9.7,8.6,3.0,2.3,2.5,15.8,17.1,14.8
2019-12-28,7.2,7.6,9.4,9.7,-0.4,3.0,2.3,15.6,15.8,17.1
2019-12-29,6.9,7.2,7.6,9.4,-2.3,-0.4,3.0,16.8,15.6,15.8
2019-12-30,5.7,6.9,7.2,7.6,-1.9,-2.3,-0.4,15.7,16.8,15.6
2019-12-31,6.0,5.7,6.9,7.2,-2.0,-1.9,-2.3,13.4,15.7,16.8
2020-01-01,5.8,6.0,5.7,6.9,-1.5,-2.0,-1.9,13.4,13.4,15.7
2020-01-02,5.0,5.8,6.0,5.7,-2.0,-1.5,-2.0,13.7,13.4,13.4
2020-01-03,2.8,5.0,5.8,6.0,-2.1,-2.0,-1.5,12.1,13.7,13.4
2020-01-04,4.6,2.8,5.0,5.8,-0.9,-2.1,-2.0,6.6,12.1,13.7
2020-01-05,5.1,4.6,2.8,5.0,-2.6,-0.9,-2.1,11.8,6.6,12.1
2020-01-06,5.8,5.1,4.6,2.8,-3.1,-2.6,-0.9,13.3,11.8,6.6
2020-01-07,6.4,5.8,5.1,4.6,-2.1,-3.1,-2.6,13.7,13.3,11.8
2020-01-08,7.3,6.4,5.8,5.1,-2.3,-2.1,-3.1,15.1,13.7,13.3
2020-01-09,6.4,7.3,6.4,5.8,-1.4,-2.3,-2.1,16.0,15.1,13.7
2020-01-10,6.2,6.4,7.3,6.4,0.0,-1.4,-2.3,12.7,16.0,15.1
2020-01-11,4.5,6.2,6.4,7.3,0.5,0.0,-1.4,12.0,12.7,16.0
2020-01-12,3.4,4.5,6.2,6.4,-3.5,0.5,0.0,12.5,12.0,12.7
2020-01-13,2.5,3.4,4.5,6.2,-4.7,-3.5,0.5,11.6,12.5,12.0
2020-01-14,2.4,2.5,3.4,4.5,-4.0,-4.7,-3.5,9.0,11.6,12.5
2020-01-15,4.8,2.4,2.5,3.4,-4.4,-4.0,-4.7,9.2,9.0,11.6
2020-01-16,9.8,4.8,2.4,2.5,1.4,-4.4,-4.0,8.1,9.2,9.0
2020-01-17,9.0,9.8,4.8,2.4,6.4,1.4,-4.4,13.2,8.1,9.2
2020-01-18,5.8,9.0,9.8,4.8,4.7,6.4,1.4,13.3,13.2,8.1
2020-01-19,6.4,5.8,9.0,9.8,3.7,4.7,6.4,8.0,13.3,13.2
2020-01-20,3.8,6.4,5.8,9.0,1.8,3.7,4.7,11.1,8.0,13.3
2020-01-21,5.9,3.8,6.4,5.8,1.5,1.8,3.7,6.1,11.1,8.0
2020-01-22,7.2,5.9,3.8,6.4,4.0,1.5,1.8,7.8,6.1,11.1
2020-01-23,6.4,7.2,5.9,3.8,3.9,4.0,1.5,10.4,7.8,6.1
2020-01-24,7.4,6.4,7.2,5.9,2.4,3.9,4.0,10.3,10.4,7.8
2020-01-25,6.6,7.4,6.4,7.2,5.8,2.4,3.9,9.0,10.3,10.4
2020-01-26,6.8,6.6,7.4,6.4,4.6,5.8,2.4,8.5,9.0,10.3
2020-01-27,5.1,6.8,6.6,7.4,1.9,4.6,5.8,11.7,8.5,9.0
2020-01-28,10.4,5.1,6.8,6.6,1.9,1.9,4.6,8.3,11.7,8.5
2020-01-29,11.7,10.4,5.1,6.8,7.9,1.9,1.9,12.8,8.3,11.7
2020-01-30,10.0,11.7,10.4,5.1,9.5,7.9,1.9,13.9,12.8,8.3
2020-01-31,12.2,10.0,11.7,10.4,8.0,9.5,7.9,12.0,13.9,12.8
2020-02-01,14.4,12.2,10.0,11.7,8.9,8.0,9.5,15.4,12.0,13.9
2020-02-02,10.7,14.4,12.2,10.0,10.5,8.9,8.0,18.2,15.4,12.0
2020-02-03,13.4,10.7,14.4,12.2,9.2,10.5,8.9,12.2,18.2,15.4
2020-02-04,11.4,13.4,10.7,14.4,7.7,9.2,10.5,19.2,12.2,18.2
2020-02-05,7.9,11.4,13.4,10.7,3.4,7.7,9.2,19.4,19.2,12.2
2020-02-06,5.8,7.9,11.4,13.4,1.2,3.4,7.7,14.6,19.4,19.2
2020-02-07,7.4,5.8,7.9,11.4,0.8,1.2,3.4,10.8,14.6,19.4
2020-02-08,6.9,7.4,5.8,7.9,2.0,0.8,1.2,12.7,10.8,14.6
2020-02-09,8.4,6.9,7.4,5.8,3.1,2.0,0.8,10.7,12.7,10.8
2020-02-10,11.4,8.4,6.9,7.4,5.8,3.1,2.0,10.9,10.7,12.7
2020-02-11,8.6,11.4,8.4,6.9,6.1,5.8,3.1,16.6,10.9,10.7
2020-02-12,10.0,8.6,11.4,8.4,3.8,6.1,5.8,13.5,16.6,10.9
2020-02-13,10.4,10.0,8.6,11.4,8.6,3.8,6.1,11.5,13.5,16.6
2020-02-14,9.7,10.4,10.0,8.6,6.0,8.6,3.8,14.9,11.5,13.5
2020-02-15,8.8,9.7,10.4,10.0,4.3,6.0,8.6,15.1,14.9,11.5
2020-02-16,9.6,8.8,9.7,10.4,1.2,4.3,6.0,16.3,15.1,14.9
2020-02-17,9.7,9.6,8.8,9.7,1.8,1.2,4.3,17.5,16.3,15.1
2020-02-18,9.0,9.7,9.6,8.8,5.6,1.8,1.2,13.8,17.5,16.3
2020-02-19,8.0,9.0,9.7,9.6,4.2,5.6,1.8,13.7,13.8,17.5
2020-02-20,8.5,8.0,9.0,9.7,-0.3,4.2,5.6,16.4,13.7,13.8
2020-02-21,10.4,8.5,8.0,9.0,-0.9,-0.3,4.2,17.9,16.4,13.7
2020-02-22,11.0,10.4,8.5,8.0,1.0,-0.9,-0.3,19.7,17.9,16.4
2020-02-23,11.6,11.0,10.4,8.5,0.3,1.0,-0.9,21.7,19.7,17.9
2020-02-24,11.4,11.6,11.0,10.4,1.6,0.3,1.0,21.5,21.7,19.7
2020-02-25,10.4,11.4,11.6,11.0,1.4,1.6,0.3,21.3,21.5,21.7
2020-02-26,10.6,10.4,11.4,11.6,2.6,1.4,1.6,18.2,21.3,21.5
2020-02-27,12.4,10.6,10.4,11.4,5.0,2.6,1.4,16.3,18.2,21.3
2020-02-28,10.9,12.4,10.6,10.4,5.2,5.0,2.6,19.5,16.3,18.2
2020-02-29,9.4,10.9,12.4,10.6,2.9,5.2,5.0,18.9,19.5,16.3
2020-03-01,11.4,9.4,10.9,12.4,5.6,2.9,5.2,13.2,18.9,19.5
2020-03-02,9.2,11.4,9.4,10.9,7.5,5.6,2.9,15.2,13.2,18.9
2020-03-03,10.4,9.2,11.4,9.4,5.8,7.5,5.6,12.5,15.2,13.2
2020-03-04,14.3,10.4,9.2,11.4,5.1,5.8,7.5,15.7,12.5,15.2
2020-03-05,11.8,14.3,10.4,9.2,10.2,5.1,5.8,18.4,15.7,12.5
2020-03-06,8.4,11.8,14.3,10.4,7.2,10.2,5.1,16.3,18.4,15.7
2020-03-07,9.0,8.4,11.8,14.3,3.7,7.2,10.2,13.0,16.3,18.4
2020-03-08,7.0,9.0,8.4,11.8,1.5,3.7,7.2,16.6,13.0,16.3
2020-03-09,12.1,7.0,9.0,8.4,-1.0,1.5,3.7,15.0,16.6,13.0
2020-03-10,13.4,12.1,7.0,9.0,5.7,-1.0,1.5,18.5,15.0,16.6
2020-03-11,14.8,13.4,12.1,7.0,3.9,5.7,-1.0,22.8,18.5,15.0
2020-03-12,15.6,14.8,13.4,12.1,5.3,3.9,5.7,24.3,22.8,18.5
2020-03-13,15.6,15.6,14.8,13.4,7.4,5.3,3.9,23.7,24.3,22.8
2020-03-14,14.4,15.6,15.6,14.8,8.2,7.4,5.3,22.9,23.7,24.3
2020-03-15,12.6,14.4,15.6,15.6,6.7,8.2,7.4,22.2,22.9,23.7
2020-03-16,6.6,12.6,14.4,15.6,5.8,6.7,8.2,19.5,22.2,22.9
2020-03-17,10.5,6.6,12.6,14.4,3.2,5.8,6.7,9.9,19.5,22.2
2020-03-18,13.1,10.5,6.6,12.6,4.4,3.2,5.8,16.6,9.9,19.5
2020-03-19,12.8,13.1,10.5,6.6,9.6,4.4,3.2,16.6,16.6,9.9
2020-03-20,10.8,12.8,13.1,10.5,8.8,9.6,4.4,16.7,16.6,16.6
2020-03-21,8.4,10.8,12.8,13.1,9.3,8.8,9.6,12.4,16.7,16.6
2020-03-22,8.8,8.4,10.8,12.8,7.2,9.3,8.8,9.7,12.4,16.7
2020-03-23,10.9,8.8,8.4,10.8,5.5,7.2,9.3,12.2,9.7,12.4
2020-03-24,12.0,10.9,8.8,8.4,7.3,5.5,7.2,14.5,12.2,9.7
2020-03-25,11.2,12.0,10.9,8.8,8.1,7.3,5.5,15.9,14.5,12.2
2020-03-26,8.7,11.2,12.0,10.9,5.0,8.1,7.3,17.4,15.9,14.5
2020-03-27,6.6,8.7,11.2,12.0,0.8,5.0,8.1,16.6,17.4,15.9
2020-03-28,7.2,6.6,8.7,11.2,2.1,0.8,5.0,11.0,16.6,17.4
2020-03-29,10.4,7.2,6.6,8.7,-1.5,2.1,0.8,16.0,11.0,16.6
2020-03-30,5.3,10.4,7.2,6.6,1.0,-1.5,2.1,19.8,16.0,11.0
2020-03-31,4.8,5.3,10.4,7.2,0.6,1.0,-1.5,10.0,19.8,16.0
2020-04-01,9.0,4.8,5.3,10.4,0.1,0.6,1.0,9.5,10.0,19.8
2020-04-02,7.8,9.0,4.8,5.3,3.3,0.1,0.6,14.8,9.5,10.0
2020-04-03,9.6,7.8,9.0,4.8,0.4,3.3,0.1,15.1,14.8,9.5
2020-04-04,9.7,9.6,7.8,9.0,1.9,0.4,3.3,17.2,15.1,14.8
2020-04-05,13.8,9.7,9.6,7.8,1.8,1.9,0.4,17.6,17.2,15.1
2020-04-06,15.2,13.8,9.7,9.6,8.3,1.8,1.9,19.4,17.6,17.2
2020-04-07,13.6,15.2,13.8,9.7,11.8,8.3,1.8,18.6,19.4,17.6
2020-04-08,16.3,13.6,15.2,13.8,9.7,11.8,8.3,17.4,18.6,19.4
2020-04-09,13.2,16.3,13.6,15.2,11.2,9.7,11.8,21.4,17.4,18.6
2020-04-10,12.7,13.2,16.3,13.6,11.0,11.2,9.7,15.3,21.4,17.4
2020-04-11,14.9,12.7,13.2,16.3,10.1,11.0,11.2,15.3,15.3,21.4
2020-04-12,14.8,14.9,12.7,13.2,10.7,10.1,11.0,19.1,15.3,15.3
2020-04-13,13.3,14.8,14.9,12.7,10.4,10.7,10.1,19.3,19.1,15.3
2020-04-14,12.8,13.3,14.8,14.9,7.8,10.4,10.7,18.8,19.3,19.1
2020-04-15,12.0,12.8,13.3,14.8,9.0,7.8,10.4,16.7,18.8,19.3
2020-04-16,14.3,12.0,12.8,13.3,8.6,9.0,7.8,15.5,16.7,18.8
2020-04-17,14.2,14.3,12.0,12.8,10.5,8.6,9.0,18.1,15.5,16.7
2020-04-18,14.5,14.2,14.3,12.0,9.9,10.5,8.6,18.4,18.1,15.5
2020-04-19,13.6,14.5,14.2,14.3,8.0,9.9,10.5,21.0,18.4,18.1
2020-04-20,11.7,13.6,14.5,14.2,8.1,8.0,9.9,19.0,21.0,18.4
2020-04-21,11.8,11.7,13.6,14.5,5.1,8.1,8.0,18.3,19.0,21.0
2020-04-22,14.0,11.8,11.7,13.6,7.6,5.1,8.1,15.9,18.3,19.0
2020-04-23,15.6,14.0,11.8,11.7,7.2,7.6,5.1,20.9,15.9,18.3
2020-04-24,16.0,15.6,14.0,11.8,11.6,7.2,7.6,19.7,20.9,15.9
2020-04-25,16.1,16.0,15.6,14.0,9.8,11.6,7.2,22.2,19.7,20.9
2020-04-26,15.8,16.1,16.0,15.6,9.7,9.8,11.6,22.5,22.2,19.7
2020-04-27,13.0,15.8,16.1,16.0,11.0,9.7,9.8,20.7,22.5,22.2
2020-04-28,12.1,13.0,15.8,16.1,8.8,11.0,9.7,17.3,20.7,22.5
2020-04-29,12.4,12.1,13.0,15.8,6.0,8.8,11.0,18.2,17.3,20.7
2020-04-30,15.3,12.4,12.1,13.0,5.3,6.0,8.8,19.6,18.2,17.3
2020-05-01,16.4,15.3,12.4,12.1,10.1,5.3,6.0,20.5,19.6,18.2
2020-05-02,18.8,16.4,15.3,12.4,10.0,10.1,5.3,22.7,20.5,19.6
2020-05-03,19.4,18.8,16.4,15.3,11.0,10.0,10.1,26.5,22.7,20.5
2020-05-04,22.3,19.4,18.8,16.4,9.5,11.0,10.0,29.2,26.5,22.7
2020-05-05,17.8,22.3,19.4,18.8,13.2,9.5,11.0,31.4,29.2,26.5
2020-05-06,15.9,17.8,22.3,19.4,10.6,13.2,9.5,25.0,31.4,29.2
2020-05-07,19.0,15.9,17.8,22.3,5.8,10.6,13.2,26.0,25.0,31.4
2020-05-08,21.2,19.0,15.9,17.8,11.7,5.8,10.6,26.3,26.0,25.0
2020-05-09,18.3,21.2,19.0,15.9,14.1,11.7,5.8,28.4,26.3,26.0
2020-05-10,15.4,18.3,21.2,19.0,12.1,14.1,11.7,24.5,28.4,26.3
2020-05-11,15.0,15.4,18.3,21.2,9.4,12.1,14.1,21.3,24.5,28.4
2020-05-12,12.4,15.0,15.4,18.3,9.5,9.4,12.1,20.5,21.3,24.5
2020-05-13,13.8,12.4,15.0,15.4,9.3,9.5,9.4,15.6,20.5,21.3
2020-05-14,12.2,13.8,12.4,15.0,9.1,9.3,9.5,18.6,15.6,20.5
2020-05-15,13.8,12.2,13.8,12.4,9.2,9.1,9.3,15.2,18.6,15.6
2020-05-16,15.2,13.8,12.2,13.8,8.7,9.2,9.1,19.0,15.2,18.6
2020-05-17,15.2,15.2,13.8,12.2,10.2,8.7,9.2,20.2,19.0,15.2
2020-05-18,18.2,15.2,15.2,13.8,7.9,10.2,8.7,22.6,20.2,19.0
2020-05-19,19.6,18.2,15.2,15.2,7.8,7.9,10.2,28.5,22.6,20.2
2020-05-20,21.8,19.6,18.2,15.2,9.2,7.8,7.9,30.1,28.5,22.6
2020-05-21,21.6,21.8,19.6,18.2,11.0,9.2,7.8,32.5,30.1,28.5
2020-05-22,23.0,21.6,21.8,19.6,10.7,11.0,9.2,32.6,32.5,30.1
2020-05-23,24.2,23.0,21.6,21.8,12.9,10.7,11.0,33.2,32.6,32.5
2020-05-24,24.0,24.2,23.0,21.6,14.6,12.9,10.7,33.7,33.2,32.6
2020-05-25,23.4,24.0,24.2,23.0,16.5,14.6,12.9,31.6,33.7,33.2
2020-05-26,21.3,23.4,24.0,24.2,16.1,16.5,14.6,30.7,31.6,33.7
2020-05-27,22.6,21.3,23.4,24.0,16.3,16.1,16.5,26.3,30.7,31.6
2020-05-28,22.6,22.6,21.3,23.4,15.1,16.3,16.1,30.2,26.3,30.7
2020-05-29,23.4,22.6,22.6,21.3,16.2,15.1,16.3,29.1,30.2,26.3
2020-05-30,24.9,23.4,22.6,22.6,15.4,16.2,15.1,31.5,29.1,30.2
2020-05-31,24.0,24.9,23.4,22.6,16.9,15.4,16.2,32.9,31.5,29.1
2020-06-01,20.8,24.0,24.9,23.4,15.7,16.9,15.4,32.2,32.9,31.5
2020-06-02,23.1,20.8,24.0,24.9,13.5,15.7,16.9,28.2,32.2,32.9
2020-06-03,22.0,23.1,20.8,24.0,15.2,13.5,15.7,31.0,28.2,32.2
2020-06-04,18.8,22.0,23.1,20.8,13.8,15.2,13.5,30.2,31.0,28.2
2020-06-05,19.6,18.8,22.0,23.1,12.5,13.8,15.2,25.2,30.2,31.0
2020-06-06,21.8,19.6,18.8,22.0,9.9,12.5,13.8,29.4,25.2,30.2
2020-06-07,19.8,21.8,19.6,18.8,14.9,9.9,12.5,28.7,29.4,25.2
2020-06-08,17.2,19.8,21.8,19.6,12.5,14.9,9.9,27.1,28.7,29.4
2020-06-09,17.8,17.2,19.8,21.8,10.4,12.5,14.9,24.0,27.1,28.7
2020-06-10,18.2,17.8,17.2,19.8,9.1,10.4,12.5,26.4,24.0,27.1
2020-06-11,19.4,18.2,17.8,17.2,8.9,9.1,10.4,27.5,26.4,24.0
2020-06-12,15.2,19.4,18.2,17.8,13.5,8.9,9.1,25.2,27.5,26.4
2020-06-13,16.8,15.2,19.4,18.2,8.4,13.5,8.9,21.9,25.2,27.5
2020-06-14,18.6,16.8,15.2,19.4,8.8,8.4,13.5,24.9,21.9,25.2
2020-06-15,20.1,18.6,16.8,15.2,10.0,8.8,8.4,27.2,24.9,21.9
2020-06-18,21.4,20.1,18.6,16.8,11.8,10.0,8.8,28.4,27.2,24.9
2020-06-19,23.0,21.4,20.1,18.6,12.6,11.8,10.0,30.2,28.4,27.2
2020-06-20,23.3,23.0,21.4,20.1,14.4,12.6,11.8,31.7,30.2,28.4
2020-06-21,25.2,23.3,23.0,21.4,13.0,14.4,12.6,33.6,31.7,30.2
2020-06-22,27.4,25.2,23.3,23.0,15.2,13.0,14.4,35.3,33.6,31.7
2020-06-23,29.2,27.4,25.2,23.3,18.6,15.2,13.0,36.3,35.3,33.6
2020-06-24,26.5,29.2,27.4,25.2,21.0,18.6,15.2,37.3,36.3,35.3
2020-06-25,27.6,26.5,29.2,27.4,20.8,21.0,18.6,32.2,37.3,36.3
2020-06-26,25.8,27.6,26.5,29.2,19.6,20.8,21.0,35.6,32.2,37.3
2020-06-27,24.8,25.8,27.6,26.5,19.0,19.6,20.8,32.7,35.6,32.2
2020-06-28,26.8,24.8,25.8,27.6,15.7,19.0,19.6,33.9,32.7,35.6
2020-06-29,27.6,26.8,24.8,25.8,17.4,15.7,19.0,36.2,33.9,32.7
2020-06-30,30.4,27.6,26.8,24.8,17.4,17.4,15.7,37.9,36.2,33.9
2020-07-01,27.8,30.4,27.6,26.8,22.0,17.4,17.4,38.7,37.9,36.2
2020-07-02,26.3,27.8,30.4,27.6,19.3,22.0,17.4,36.2,38.7,37.9
2020-07-03,24.6,26.3,27.8,30.4,18.1,19.3,22.0,34.5,36.2,38.7
2020-07-04,24.7,24.6,26.3,27.8,16.0,18.1,19.3,33.3,34.5,36.2
2020-07-05,28.9,24.7,24.6,26.3,14.1,16.0,18.1,35.3,33.3,34.5
2020-07-06,30.2,28.9,24.7,24.6,19.3,14.1,16.0,38.5,35.3,33.3
2020-07-07,30.3,30.2,28.9,24.7,22.6,19.3,14.1,37.9,38.5,35.3
2020-07-08,30.2,30.3,30.2,28.9,20.6,22.6,19.3,40.0,37.9,38.5
2020-07-09,27.6,30.2,30.3,30.2,23.3,20.6,22.6,37.0,40.0,37.9
2020-07-10,26.1,27.6,30.2,30.3,20.6,23.3,20.6,34.5,37.0,40.0
2020-07-11,28.6,26.1,27.6,30.2,17.6,20.6,23.3,34.6,34.5,37.0
2020-07-12,28.0,28.6,26.1,27.6,21.1,17.6,20.6,36.0,34.6,34.5
2020-07-13,27.4,28.0,28.6,26.1,21.9,21.1,17.6,34.0,36.0,34.6
2020-07-14,26.6,27.4,28.0,28.6,19.5,21.9,21.1,35.3,34.0,36.0
2020-07-15,25.6,26.6,27.4,28.0,18.9,19.5,21.9,34.2,35.3,34.0
2020-07-16,27.0,25.6,26.6,27.4,17.7,18.9,19.5,33.5,34.2,35.3
2020-07-17,28.8,27.0,25.6,26.6,17.9,17.7,18.9,36.0,33.5,34.2
2020-07-18,28.1,28.8,27.0,25.6,20.7,17.9,17.7,36.8,36.0,33.5
2020-07-19,28.3,28.1,28.8,27.0,17.9,20.7,17.9,38.3,36.8,36.0
2020-07-20,27.9,28.3,28.1,28.8,17.9,17.9,20.7,38.7,38.3,36.8
2020-07-21,29.1,27.9,28.3,28.1,17.3,17.9,17.9,38.5,38.7,38.3
2020-07-22,26.2,29.1,27.9,28.3,23.6,17.3,17.9,34.6,38.5,38.7
2020-07-23,28.7,26.2,29.1,27.9,17.4,23.6,17.3,35.0,34.6,38.5
2020-07-24,29.8,28.7,26.2,29.1,19.0,17.4,23.6,38.4,35.0,34.6
2020-07-25,29.8,29.8,28.7,26.2,20.7,19.0,17.4,38.9,38.4,35.0
2020-07-26,29.7,29.8,29.8,28.7,20.8,20.7,19.0,38.8,38.9,38.4
2020-11-03,12.5,15.0,14.7,14.4,8.2,6.9,5.9,21.9,22.5,23.0
2020-11-04,10.0,12.5,15.0,14.7,10.1,8.2,6.9,14.9,21.9,22.5
2020-11-05,10.8,10.0,12.5,15.0,8.0,10.1,8.2,12.0,14.9,21.9
2020-11-06,14.6,10.8,10.0,12.5,8.2,8.0,10.1,13.5,12.0,14.9
2020-11-07,12.4,14.6,10.8,10.0,10.1,8.2,8.0,19.1,13.5,12.0
2020-11-08,11.8,12.4,14.6,10.8,8.4,10.1,8.2,16.4,19.1,13.5
2020-11-09,12.4,11.8,12.4,14.6,7.6,8.4,10.1,16.0,16.4,19.1
2020-11-14,10.5,12.2,10.9,10.6,6.8,5.8,4.4,17.7,16.0,16.9
2020-11-15,13.7,10.5,12.2,10.9,8.6,6.8,5.8,12.4,17.7,16.0
2020-11-16,14.2,13.7,10.5,12.2,11.5,8.6,6.8,15.9,12.4,17.7
2020-11-17,11.0,14.2,13.7,10.5,9.1,11.5,8.6,19.4,15.9,12.4
2020-11-18,11.2,11.0,14.2,13.7,5.5,9.1,11.5,16.4,19.4,15.9
2020-11-19,13.6,11.2,11.0,14.2,6.7,5.5,9.1,15.7,16.4,19.4
2020-11-20,10.4,13.6,11.2,11.0,5.5,6.7,5.5,21.8,15.7,16.4
2020-11-21,8.4,10.4,13.6,11.2,3.1,5.5,6.7,17.7,21.8,15.7
2020-11-22,7.8,8.4,10.4,13.6,0.5,3.1,5.5,16.4,17.7,21.8
2020-11-23,8.7,7.8,8.4,10.4,-0.1,0.5,3.1,15.6,16.4,17.7
2020-11-24,6.8,8.7,7.8,8.4,0.7,-0.1,0.5,16.7,15.6,16.4
2020-11-25,7.8,6.8,8.7,7.8,0.1,0.7,-0.1,13.5,16.7,15.6
2020-11-26,10.5,7.8,6.8,8.7,2.6,0.1,0.7,12.9,13.5,16.7
2020-11-27,8.8,10.5,7.8,6.8,8.4,2.6,0.1,12.6,12.9,13.5
2020-11-28,8.6,8.8,10.5,7.8,6.4,8.4,2.6,11.1,12.6,12.9
2020-11-29,8.4,8.6,8.8,10.5,5.1,6.4,8.4,12.0,11.1,12.6
2020-11-30,9.2,8.4,8.6,8.8,3.9,5.1,6.4,12.9,12.0,11.1
2020-12-01,9.3,9.2,8.4,8.6,3.2,3.9,5.1,15.2,12.9,12.0
2020-12-02,6.2,9.3,9.2,8.4,1.1,3.2,3.9,17.5,15.2,12.9
2020-12-07,8.8,5.2,4.4,5.7,1.4,0.0,2.3,8.9,8.7,9.1
2020-12-08,7.6,8.8,5.2,4.4,5.5,1.4,0.0,12.1,8.9,8.7
2020-12-09,6.2,7.6,8.8,5.2,4.2,5.5,1.4,11.1,12.1,8.9
2020-12-10,10.2,6.2,7.6,8.8,0.8,4.2,5.5,11.6,11.1,12.1
2020-12-11,14.4,10.2,6.2,7.6,5.0,0.8,4.2,15.3,11.6,11.1
2020-12-12,11.2,14.4,10.2,6.2,11.5,5.0,0.8,17.2,15.3,11.6
2020-12-13,8.2,11.2,14.4,10.2,7.4,11.5,5.0,15.0,17.2,15.3
2020-12-14,11.0,8.2,11.2,14.4,2.8,7.4,11.5,13.6,15.0,17.2
2020-12-15,8.8,11.0,8.2,11.2,8.3,2.8,7.4,13.7,13.6,15.0
2020-12-16,7.6,8.8,11.0,8.2,5.1,8.3,2.8,12.6,13.7,13.6
2020-12-17,10.4,7.6,8.8,11.0,4.8,5.1,8.3,10.4,12.6,13.7
2020-12-18,6.4,10.4,7.6,8.8,6.1,4.8,5.1,14.8,10.4,12.6
2020-12-19,8.2,6.4,10.4,7.6,2.7,6.1,4.8,10.0,14.8,10.4
2020-12-20,8.3,8.2,6.4,10.4,7.6,2.7,6.1,8.8,10.0,14.8
2020-12-21,7.8,8.3,8.2,6.4,3.6,7.6,2.7,13.0,8.8,10.0
2020-12-22,9.4,7.8,8.3,8.2,6.2,3.6,7.6,9.5,13.0,8.8
2020-12-23,7.7,9.4,7.8,8.3,7.3,6.2,3.6,11.6,9.5,13.0
2020-12-24,8.7,7.7,9.4,7.8,6.2,7.3,6.2,9.2,11.6,9.5
2020-12-25,5.2,8.7,7.7,9.4,5.5,6.2,7.3,11.9,9.2,11.6
2020-12-26,4.0,5.2,8.7,7.7,-0.2,5.5,6.2,10.6,11.9,9.2
2020-12-27,1.6,4.0,5.2,8.7,-3.4,-0.2,5.5,11.3,10.6,11.9
2020-12-28,7.3,1.6,4.0,5.2,-4.1,-3.4,-0.2,7.3,11.3,10.6
2020-12-29,4.8,7.3,1.6,4.0,3.5,-4.1,-3.4,11.1,7.3,11.3
2020-12-30,4.4,4.8,7.3,1.6,-0.1,3.5,-4.1,9.7,11.1,7.3
2020-12-31,3.2,4.4,4.8,7.3,-0.8,-0.1,3.5,9.7,9.7,11.1
